HoleID,X,Y,Z,From,To,Length,Au_gpt,Ag_gpt,Domain,Subdomain
DDH001,5051.51,5993.95,1202.25,0.0,2.0,2.0,0.069,1.31,1,1
DDH001,5051.99,5993.94,1200.25,2.0,3.0,1.0,0.449,4.39,1,2
DDH001,5051.34,5994.12,1199.25,3.0,4.5,1.5,0.094,1.63,1,1
DDH001,5052.06,5995.17,1197.75,4.5,6.0,1.5,0.194,2.13,1,1
DDH001,5051.01,5993.99,1196.25,6.0,8.0,2.0,0.329,2.94,1,2
DDH001,5050.7,5995.45,1194.25,8.0,9.0,1.0,0.616,2.37,1,1
DDH001,5051.64,5995.02,1193.25,9.0,10.5,1.5,0.364,3.67,1,2
DDH001,5051.81,5995.43,1191.75,10.5,12.0,1.5,0.273,1.91,1,1
DDH001,5051.25,5996.3,1190.25,12.0,14.0,2.0,0.167,1.52,1,1
DDH001,5051.69,5995.39,1188.25,14.0,16.0,2.0,0.533,3.72,1,1
DDH001,5052.38,5994.61,1186.25,16.0,18.0,2.0,0.456,1.79,1,1
DDH001,5051.67,5995.49,1184.25,18.0,19.5,1.5,0.08,1.47,1,2
DDH001,5051.98,5994.14,1182.75,19.5,21.5,2.0,0.257,2.4,1,1
DDH001,5051.05,5994.81,1180.75,21.5,23.0,1.5,0.158,2.28,1,1
DDH001,5051.1,5994.72,1179.25,23.0,24.0,1.0,0.333,2.51,1,2
DDH001,5051.92,5993.89,1178.25,24.0,25.0,1.0,0.061,0.77,1,2
DDH001,5050.59,5994.59,1177.25,25.0,26.5,1.5,0.718,6.24,1,1
DDH001,5051.96,5995.04,1175.75,26.5,27.5,1.0,0.164,1.2,1,1
DDH001,5051.76,5994.82,1174.75,27.5,28.5,1.0,0.061,1.17,1,2
DDH001,5051.74,5996.16,1173.75,28.5,29.5,1.0,0.18,1.54,1,1
DDH001,5050.88,5993.87,1172.75,29.5,31.0,1.5,0.308,1.36,1,1
DDH001,5050.05,5993.78,1171.25,31.0,32.0,1.0,0.432,3.29,2,2
DDH001,5051.94,5993.81,1170.25,32.0,33.5,1.5,3.172,19.9,2,1
DDH001,5050.91,5994.66,1168.75,33.5,35.5,2.0,1.898,8.38,2,2
DDH001,5049.85,5994.31,1166.75,35.5,37.0,1.5,1.718,5.48,2,1
DDH001,5052.51,5994.3,1165.25,37.0,39.0,2.0,1.921,13.29,2,1
DDH001,5050.7,5995.64,1163.25,39.0,40.0,1.0,0.626,6.23,2,2
DDH001,5051.48,5994.15,1162.25,40.0,41.0,1.0,3.45,13.85,2,2
DDH001,5051.7,5996.38,1161.25,41.0,42.0,1.0,0.991,5.1,2,1
DDH001,5051.74,5994.39,1160.25,42.0,43.0,1.0,1.341,8.78,2,2
DDH001,5050.3,5993.43,1159.25,43.0,45.0,2.0,2.194,15.31,2,1
DDH001,5052.99,5993.69,1157.25,45.0,46.5,1.5,7.038,21.37,2,1
DDH002,5095.62,6003.86,1198.82,0.0,1.5,1.5,0.193,2.42,1,2
DDH002,5094.65,6002.88,1197.32,1.5,3.5,2.0,0.214,1.86,1,1
DDH002,5095.2,6004.22,1195.32,3.5,4.5,1.0,0.068,0.97,1,2
DDH002,5095.3,6003.46,1194.32,4.5,6.0,1.5,0.744,3.47,1,2
DDH002,5098.04,6005.09,1192.82,6.0,7.0,1.0,0.084,1.36,1,2
DDH002,5095.84,6004.42,1191.82,7.0,8.0,1.0,0.172,1.57,1,2
DDH002,5094.46,6002.69,1190.82,8.0,9.0,1.0,0.124,1.34,1,2
DDH002,5094.06,6005.35,1189.82,9.0,10.0,1.0,0.614,4.04,1,1
DDH002,5094.35,6002.85,1188.82,10.0,11.0,1.0,0.083,4.85,1,1
DDH002,5096.3,6003.65,1187.82,11.0,12.5,1.5,1.057,4.97,1,1
DDH002,5095.26,6003.45,1186.32,12.5,13.5,1.0,0.198,1.42,1,1
DDH002,5095.88,6003.27,1185.32,13.5,15.5,2.0,0.341,3.16,1,1
DDH002,5097.62,6004.79,1183.32,15.5,17.5,2.0,0.117,1.22,1,2
DDH002,5094.41,6004.41,1181.32,17.5,19.5,2.0,0.112,1.61,1,1
DDH002,5095.98,6002.11,1179.32,19.5,20.5,1.0,0.344,2.48,1,1
DDH002,5095.42,6002.96,1178.32,20.5,21.5,1.0,0.283,2.52,1,2
DDH002,5095.7,6003.51,1177.32,21.5,22.5,1.0,0.839,4.9,1,2
DDH002,5093.99,6004.08,1176.32,22.5,23.5,1.0,0.046,2.58,1,1
DDH002,5096.83,6003.8,1175.32,23.5,25.5,2.0,0.211,2.14,1,1
DDH002,5095.97,6004.04,1173.32,25.5,27.5,2.0,0.644,5.75,1,1
DDH002,5094.35,6004.0,1171.32,27.5,29.0,1.5,0.237,2.52,1,2
DDH002,5097.35,6003.95,1169.82,29.0,30.5,1.5,0.238,2.81,1,2
DDH002,5097.04,6003.85,1168.32,30.5,32.0,1.5,1.405,11.67,2,2
DDH002,5094.86,6003.53,1166.82,32.0,34.0,2.0,0.599,2.65,2,2
DDH002,5095.6,6003.63,1164.82,34.0,35.0,1.0,2.58,13.54,2,2
DDH002,5093.94,6004.69,1163.82,35.0,36.5,1.5,0.233,3.11,2,1
DDH002,5096.59,6003.45,1162.32,36.5,38.0,1.5,3.196,22.74,2,2
DDH002,5095.37,6003.6,1160.82,38.0,40.0,2.0,1.903,8.89,2,2
DDH002,5094.78,6002.39,1158.82,40.0,41.0,1.0,0.575,4.57,2,2
DDH002,5096.38,6004.06,1157.82,41.0,42.5,1.5,3.19,15.53,2,2
DDH002,5097.13,6002.76,1156.32,42.5,44.0,1.5,12.12,70.94,2,1
DDH002,5093.93,6002.42,1154.82,44.0,45.5,1.5,4.848,34.24,2,1
DDH002,5093.22,6003.27,1153.32,45.5,46.5,1.0,2.391,16.48,2,1
DDH002,5096.29,6003.45,1152.32,46.5,48.5,2.0,2.256,7.02,2,1
DDH002,5096.35,6002.82,1150.32,48.5,50.5,2.0,0.791,3.36,2,1
DDH003,5151.93,5999.42,1199.65,0.0,1.0,1.0,0.069,0.55,1,2
DDH003,5152.54,6000.02,1198.65,1.0,2.5,1.5,0.267,3.59,1,2
DDH003,5151.72,5998.31,1197.15,2.5,4.5,2.0,0.105,0.78,1,2
DDH003,5151.57,5999.15,1195.15,4.5,6.0,1.5,1.05,7.17,1,1
DDH003,5152.07,5997.6,1193.65,6.0,8.0,2.0,0.043,0.87,1,1
DDH003,5152.97,5999.99,1191.65,8.0,10.0,2.0,0.328,3.09,1,2
DDH003,5153.72,5999.05,1189.65,10.0,11.5,1.5,0.059,1.21,1,2
DDH003,5152.68,5998.83,1188.15,11.5,12.5,1.0,0.305,4.3,1,1
DDH003,5152.92,5997.84,1187.15,12.5,14.0,1.5,0.104,1.58,1,1
DDH003,5152.31,6000.61,1185.65,14.0,15.0,1.0,0.035,0.93,1,2
DDH003,5152.32,5998.86,1184.65,15.0,16.0,1.0,0.094,1.32,1,1
DDH003,5152.61,6001.27,1183.65,16.0,17.0,1.0,0.164,1.43,1,2
DDH003,5152.55,5998.5,1182.65,17.0,18.0,1.0,0.81,7.26,1,2
DDH003,5153.69,5999.04,1181.65,18.0,19.5,1.5,0.329,3.71,1,1
DDH003,5150.77,5998.34,1180.15,19.5,21.5,2.0,0.336,2.62,1,1
DDH003,5151.89,5997.17,1178.15,21.5,22.5,1.0,0.058,1.81,1,1
DDH003,5152.05,5999.14,1177.15,22.5,24.5,2.0,0.137,2.34,1,2
DDH003,5153.4,5999.02,1175.15,24.5,26.0,1.5,0.171,1.96,1,1
DDH003,5151.64,5997.78,1173.65,26.0,28.0,2.0,0.12,3.1,1,1
DDH003,5154.06,5998.8,1171.65,28.0,29.0,1.0,0.188,1.68,1,2
DDH003,5152.16,5999.12,1170.65,29.0,31.0,2.0,0.912,3.27,1,1
DDH003,5150.21,5997.88,1168.65,31.0,32.5,1.5,2.648,14.86,2,2
DDH003,5152.35,5998.51,1167.15,32.5,33.5,1.0,0.709,5.04,2,1
DDH003,5152.99,5999.23,1166.15,33.5,34.5,1.0,0.602,4.55,2,2
DDH003,5151.85,5997.64,1165.15,34.5,35.5,1.0,9.314,47.7,2,2
DDH003,5152.66,5997.91,1164.15,35.5,37.5,2.0,0.67,4.12,2,1
DDH003,5153.15,5998.86,1162.15,37.5,39.0,1.5,2.902,6.96,2,1
DDH003,5152.8,5997.22,1160.65,39.0,40.5,1.5,1.403,5.78,2,1
DDH003,5150.2,5997.51,1159.15,40.5,42.0,1.5,4.587,31.33,2,2
DDH003,5151.43,5997.83,1157.65,42.0,43.5,1.5,0.568,4.24,2,2
DDH003,5154.43,5997.02,1156.15,43.5,45.5,2.0,6.36,51.42,2,2
DDH003,5152.85,5996.9,1154.15,45.5,47.0,1.5,1.019,6.53,2,1
DDH003,5151.97,5999.21,1152.65,47.0,48.0,1.0,0.887,2.96,2,1
DDH003,5151.57,5998.91,1151.65,48.0,49.5,1.5,2.233,10.77,2,1
DDH003,5153.32,5998.91,1150.15,49.5,51.5,2.0,2.229,16.56,2,2
DDH003,5152.87,5998.05,1148.15,51.5,53.5,2.0,5.507,40.38,2,2
DDH004,5204.91,5996.93,1198.77,0.0,1.5,1.5,0.087,2.86,1,2
DDH004,5201.24,5997.91,1197.27,1.5,3.5,2.0,0.169,1.53,1,2
DDH004,5202.53,5997.0,1195.27,3.5,5.5,2.0,0.058,3.19,1,1
DDH004,5200.63,5997.5,1193.27,5.5,7.0,1.5,0.388,3.63,1,1
DDH004,5201.25,5997.92,1191.77,7.0,8.5,1.5,1.177,5.61,1,2
DDH004,5202.03,5995.64,1190.27,8.5,10.0,1.5,0.102,2.43,1,1
DDH004,5200.65,5995.72,1188.77,10.0,12.0,2.0,0.099,1.33,1,2
DDH004,5202.63,5996.62,1186.77,12.0,14.0,2.0,0.139,2.38,1,2
DDH004,5202.78,5997.72,1184.77,14.0,16.0,2.0,0.473,4.68,1,1
DDH004,5201.83,5996.9,1182.77,16.0,17.5,1.5,0.465,4.13,1,2
DDH004,5201.93,5997.65,1181.27,17.5,19.0,1.5,0.455,1.98,1,1
DDH004,5201.57,5995.01,1179.77,19.0,21.0,2.0,0.526,4.74,1,1
DDH004,5202.11,5996.3,1177.77,21.0,22.5,1.5,0.098,2.24,1,1
DDH004,5202.91,5997.11,1176.27,22.5,24.0,1.5,0.574,4.19,1,1
DDH004,5202.34,5997.12,1174.77,24.0,25.0,1.0,0.22,1.18,1,1
DDH004,5201.33,5997.24,1173.77,25.0,26.0,1.0,0.055,1.09,1,1
DDH004,5203.82,5997.62,1172.77,26.0,27.0,1.0,0.029,0.77,1,1
DDH004,5202.41,5997.88,1171.77,27.0,28.0,1.0,0.08,1.63,1,2
DDH004,5203.16,5995.71,1170.77,28.0,29.0,1.0,0.287,2.07,1,1
DDH004,5200.5,5997.43,1169.77,29.0,31.0,2.0,0.55,3.58,1,2
DDH004,5201.46,5997.34,1167.77,31.0,32.0,1.0,7.522,23.22,2,2
DDH004,5203.49,5996.41,1166.77,32.0,33.0,1.0,0.598,5.8,2,2
DDH004,5202.99,5998.07,1165.77,33.0,34.0,1.0,2.653,16.74,2,1
DDH004,5201.8,5996.05,1164.77,34.0,36.0,2.0,2.027,9.31,2,1
DDH004,5203.71,5997.34,1162.77,36.0,38.0,2.0,7.072,28.74,2,2
DDH004,5201.05,5997.28,1160.77,38.0,40.0,2.0,0.558,2.73,2,1
DDH004,5202.6,5997.38,1158.77,40.0,42.0,2.0,7.522,42.44,2,1
DDH004,5201.11,5997.84,1156.77,42.0,43.5,1.5,0.563,2.74,2,2
DDH004,5203.41,5998.36,1155.27,43.5,45.0,1.5,0.299,2.28,2,2
DDH004,5202.73,5998.62,1153.77,45.0,47.0,2.0,0.697,4.9,2,1
DDH004,5202.57,5997.13,1151.77,47.0,49.0,2.0,17.32,11.31,2,2
DDH004,5202.67,5996.93,1149.77,49.0,50.0,1.0,1.873,9.06,2,2
DDH004,5203.79,5996.17,1148.77,50.0,51.0,1.0,1.908,15.61,2,2
DDH004,5202.24,5998.55,1147.77,51.0,52.5,1.5,0.279,3.04,2,1
DDH004,5201.98,5996.58,1146.27,52.5,54.0,1.5,2.13,12.11,2,2
DDH004,5202.02,5999.24,1144.77,54.0,56.0,2.0,1.112,6.09,2,2
DDH004,5202.72,6000.51,1142.77,56.0,58.0,2.0,7.231,54.04,2,1
DDH005,5004.27,6046.8,1202.91,0.0,2.0,2.0,0.505,3.3,1,2
DDH005,5002.81,6046.41,1200.91,2.0,3.5,1.5,0.039,0.91,1,1
DDH005,5003.85,6045.88,1199.41,3.5,5.5,2.0,0.12,0.9,1,2
DDH005,5004.32,6044.57,1197.41,5.5,7.5,2.0,0.287,2.84,1,1
DDH005,5004.23,6046.69,1195.41,7.5,8.5,1.0,0.221,1.78,1,2
DDH005,5004.55,6047.71,1194.41,8.5,9.5,1.0,0.082,1.21,1,1
DDH005,5003.7,6046.06,1193.41,9.5,11.5,2.0,0.023,0.82,1,1
DDH005,5003.39,6046.94,1191.41,11.5,13.0,1.5,0.169,1.92,1,1
DDH005,5005.84,6045.84,1189.91,13.0,14.0,1.0,0.317,3.01,1,2
DDH005,5003.18,6045.71,1188.91,14.0,15.5,1.5,0.182,1.51,1,1
DDH005,5005.41,6047.9,1187.41,15.5,16.5,1.0,0.368,2.92,1,2
DDH005,5003.39,6046.58,1186.41,16.5,18.0,1.5,0.761,3.49,1,2
DDH005,5004.67,6046.23,1184.91,18.0,19.5,1.5,0.192,1.87,1,1
DDH005,5005.9,6046.77,1183.41,19.5,21.5,2.0,0.224,3.52,1,1
DDH005,5005.12,6046.68,1181.41,21.5,22.5,1.0,0.079,1.88,1,1
DDH005,5003.9,6046.8,1180.41,22.5,24.0,1.5,0.347,2.82,1,1
DDH005,5004.71,6046.94,1178.91,24.0,25.0,1.0,0.315,2.45,1,2
DDH005,5006.5,6046.46,1177.91,25.0,27.0,2.0,0.118,1.26,1,2
DDH005,5004.15,6046.43,1175.91,27.0,28.5,1.5,0.956,7.82,1,2
DDH005,5004.29,6046.18,1174.41,28.5,30.5,2.0,0.177,2.01,1,2
DDH005,5003.21,6047.57,1172.41,30.5,32.5,2.0,1.824,14.34,2,2
DDH005,5002.73,6046.69,1170.41,32.5,34.0,1.5,0.417,3.28,2,1
DDH005,5004.59,6046.16,1168.91,34.0,35.5,1.5,2.09,5.18,2,1
DDH005,5005.57,6046.35,1167.41,35.5,37.5,2.0,3.266,27.55,2,2
DDH005,5005.08,6046.4,1165.41,37.5,39.0,1.5,2.975,16.1,2,2
DDH005,5004.6,6047.13,1163.91,39.0,40.5,1.5,1.027,5.77,2,1
DDH005,5005.7,6045.96,1162.41,40.5,42.0,1.5,2.947,6.78,2,1
DDH005,5003.98,6046.13,1160.91,42.0,43.5,1.5,0.582,4.52,2,2
DDH005,5004.87,6044.36,1159.41,43.5,45.5,2.0,2.026,16.35,2,1
DDH005,5005.3,6047.65,1157.41,45.5,46.5,1.0,0.21,1.74,2,2
DDH005,5004.26,6047.45,1156.41,46.5,48.5,2.0,0.951,2.8,2,2
DDH005,5005.23,6047.16,1154.41,48.5,50.0,1.5,3.081,22.57,2,1
DDH005,5004.8,6045.51,1152.91,50.0,51.5,1.5,0.751,3.37,2,1
DDH005,5006.7,6045.09,1151.41,51.5,53.0,1.5,0.488,4.27,2,2
DDH005,5004.7,6046.31,1149.91,53.0,55.0,2.0,1.707,7.44,2,2
DDH005,5004.2,6045.39,1147.91,55.0,56.0,1.0,0.989,7.81,2,1
DDH005,5003.14,6046.23,1146.91,56.0,57.0,1.0,5.477,16.41,2,1
DDH005,5007.07,6045.88,1145.91,57.0,59.0,2.0,0.656,3.85,2,1
DDH005,5004.32,6046.57,1143.91,59.0,61.0,2.0,1.858,6.5,2,1
DDH005,5003.98,6045.87,1141.91,61.0,63.0,2.0,0.128,2.28,3,1
DDH005,5005.48,6048.04,1139.91,63.0,64.5,1.5,0.919,6.16,3,1
DDH005,5004.87,6047.06,1138.41,64.5,66.0,1.5,1.079,5.98,3,2
DDH005,5003.46,6047.77,1136.91,66.0,68.0,2.0,0.167,1.63,3,1
DDH005,5004.02,6046.57,1134.91,68.0,70.0,2.0,1.714,12.23,3,1
DDH005,5003.27,6046.91,1132.91,70.0,71.0,1.0,1.246,4.83,3,2
DDH005,5003.99,6048.24,1131.91,71.0,73.0,2.0,0.229,2.43,3,1
DDH005,5003.99,6045.78,1129.91,73.0,74.0,1.0,0.361,3.23,3,1
DDH005,5004.29,6046.37,1128.91,74.0,75.0,1.0,40.77,3.52,3,1
DDH005,5003.71,6046.48,1127.91,75.0,76.0,1.0,2.11,9.25,3,2
DDH005,5005.29,6046.65,1126.91,76.0,78.0,2.0,0.688,3.77,3,2
DDH005,5004.37,6046.47,1124.91,78.0,79.0,1.0,0.574,4.82,3,2
DDH005,5003.89,6046.21,1123.91,79.0,81.0,2.0,0.049,0.71,3,2
DDH005,5006.06,6046.05,1121.91,81.0,83.0,2.0,0.185,4.4,3,1
DDH005,5003.26,6046.38,1119.91,83.0,85.0,2.0,0.16,1.73,3,2
DDH005,5004.67,6045.14,1117.91,85.0,86.0,1.0,0.226,2.18,3,1
DDH006,5054.89,6045.86,1201.9,0.0,1.5,1.5,0.065,1.68,1,1
DDH006,5056.21,6047.96,1200.4,1.5,2.5,1.0,0.553,5.67,1,1
DDH006,5052.95,6045.51,1199.4,2.5,4.0,1.5,0.097,0.91,1,1
DDH006,5053.56,6045.12,1197.9,4.0,5.5,1.5,0.203,2.17,1,1
DDH006,5054.09,6045.29,1196.4,5.5,7.0,1.5,0.292,2.44,1,1
DDH006,5053.08,6047.32,1194.9,7.0,9.0,2.0,0.065,0.5,1,1
DDH006,5053.37,6046.52,1192.9,9.0,11.0,2.0,0.713,5.16,1,2
DDH006,5053.72,6044.88,1190.9,11.0,12.0,1.0,0.133,2.05,1,1
DDH006,5054.3,6046.57,1189.9,12.0,13.0,1.0,0.241,1.73,1,1
DDH006,5055.96,6045.47,1188.9,13.0,14.0,1.0,0.902,7.1,1,1
DDH006,5054.1,6044.44,1187.9,14.0,15.5,1.5,0.237,2.2,1,1
DDH006,5053.55,6045.37,1186.4,15.5,16.5,1.0,0.874,5.33,1,1
DDH006,5055.27,6046.1,1185.4,16.5,18.5,2.0,0.216,1.34,1,1
DDH006,5053.44,6046.66,1183.4,18.5,20.5,2.0,0.149,1.92,1,1
DDH006,5053.9,6046.37,1181.4,20.5,21.5,1.0,0.381,2.95,1,2
DDH006,5054.64,6045.78,1180.4,21.5,23.5,2.0,0.228,2.76,1,2
DDH006,5054.33,6046.25,1178.4,23.5,25.0,1.5,0.032,1.65,1,2
DDH006,5054.44,6045.56,1176.9,25.0,27.0,2.0,0.219,2.44,1,1
DDH006,5052.7,6045.34,1174.9,27.0,28.5,1.5,0.033,1.7,1,2
DDH006,5054.89,6046.75,1173.4,28.5,30.5,2.0,0.094,1.04,1,1
DDH006,5051.5,6045.65,1171.4,30.5,31.5,1.0,0.16,2.76,2,2
DDH006,5054.84,6047.84,1170.4,31.5,32.5,1.0,3.077,22.84,2,1
DDH006,5053.51,6045.44,1169.4,32.5,33.5,1.0,2.093,11.82,2,1
DDH006,5054.57,6044.41,1168.4,33.5,34.5,1.0,0.365,2.44,2,1
DDH006,5055.15,6046.27,1167.4,34.5,36.0,1.5,2.909,12.41,2,1
DDH006,5056.98,6045.79,1165.9,36.0,37.0,1.0,7.953,21.15,2,2
DDH006,5053.24,6048.31,1164.9,37.0,38.5,1.5,2.192,5.62,2,1
DDH006,5054.02,6046.56,1163.4,38.5,40.0,1.5,0.772,3.89,2,1
DDH006,5053.9,6045.49,1161.9,40.0,42.0,2.0,2.049,15.62,2,2
DDH006,5052.54,6046.86,1159.9,42.0,44.0,2.0,1.187,7.12,2,2
DDH006,5055.52,6046.96,1157.9,44.0,46.0,2.0,2.094,18.25,2,1
DDH006,5054.25,6046.36,1155.9,46.0,47.5,1.5,3.146,22.64,2,2
DDH006,5055.5,6043.13,1154.4,47.5,48.5,1.0,1.75,15.03,2,2
DDH006,5055.52,6044.91,1153.4,48.5,50.0,1.5,1.286,6.41,2,1
DDH006,5053.73,6046.46,1151.9,50.0,51.5,1.5,0.654,7.05,2,2
DDH006,5054.85,6044.59,1150.4,51.5,53.5,2.0,7.973,27.32,2,1
DDH006,5053.69,6046.69,1148.4,53.5,54.5,1.0,1.115,4.04,2,1
DDH006,5053.85,6048.23,1147.4,54.5,56.0,1.5,2.682,16.73,2,2
DDH006,5056.5,6046.99,1145.9,56.0,57.5,1.5,4.641,19.62,2,2
DDH006,5054.66,6047.4,1144.4,57.5,59.0,1.5,1.53,11.04,2,2
DDH006,5054.93,6046.74,1142.9,59.0,60.0,1.0,0.657,4.61,2,2
DDH006,5054.51,6045.92,1141.9,60.0,62.0,2.0,0.195,0.96,3,2
DDH006,5053.61,6046.36,1139.9,62.0,64.0,2.0,0.031,1.9,3,1
DDH006,5056.6,6047.52,1137.9,64.0,66.0,2.0,1.64,10.71,3,2
DDH006,5054.17,6045.6,1135.9,66.0,67.5,1.5,0.263,1.91,3,2
DDH006,5056.06,6046.36,1134.4,67.5,69.5,2.0,0.405,3.94,3,1
DDH006,5055.26,6046.04,1132.4,69.5,71.5,2.0,0.234,2.25,3,2
DDH006,5054.38,6047.12,1130.4,71.5,72.5,1.0,0.132,0.85,3,2
DDH006,5056.37,6044.54,1129.4,72.5,74.0,1.5,0.059,1.36,3,2
DDH006,5054.39,6046.33,1127.9,74.0,76.0,2.0,2.086,9.14,3,1
DDH006,5054.6,6046.18,1125.9,76.0,77.0,1.0,0.217,1.4,3,2
DDH006,5053.92,6044.89,1124.9,77.0,78.0,1.0,0.44,2.92,3,1
DDH006,5053.71,6045.37,1123.9,78.0,79.0,1.0,0.16,1.66,3,2
DDH006,5052.17,6045.96,1122.9,79.0,80.5,1.5,0.605,4.19,3,1
DDH006,5055.17,6044.0,1121.4,80.5,81.5,1.0,0.506,2.72,3,1
DDH006,5053.96,6044.06,1120.4,81.5,83.5,2.0,0.543,6.04,3,1
DDH006,5053.85,6047.08,1118.4,83.5,85.0,1.5,0.038,1.19,3,2
DDH006,5054.83,6046.31,1116.9,85.0,87.0,2.0,0.385,3.23,3,1
DDH006,5055.02,6044.31,1114.9,87.0,89.0,2.0,0.157,1.04,3,2
DDH006,5054.51,6045.89,1112.9,89.0,91.0,2.0,1.759,14.43,3,2
DDH006,5054.82,6046.39,1110.9,91.0,93.0,2.0,0.363,2.15,3,2
DDH006,5052.9,6045.37,1108.9,93.0,94.0,1.0,0.234,2.63,3,1
DDH006,5053.88,6046.14,1107.9,94.0,96.0,2.0,0.9,7.11,3,1
DDH006,5053.11,6046.16,1105.9,96.0,97.0,1.0,0.16,1.27,3,2
DDH006,5054.61,6045.99,1104.9,97.0,98.0,1.0,0.108,1.28,3,1
DDH006,5052.06,6046.34,1103.9,98.0,100.0,2.0,0.144,1.96,3,2
DDH006,5054.15,6044.38,1101.9,100.0,101.0,1.0,0.392,3.39,3,1
DDH006,5052.89,6044.59,1100.9,101.0,102.0,1.0,1.05,4.13,3,1
DDH006,5054.59,6046.24,1099.9,102.0,103.5,1.5,0.233,3.09,3,2
DDH006,5055.54,6044.58,1098.4,103.5,104.5,1.0,0.172,2.88,3,1
DDH006,5054.06,6045.62,1097.4,104.5,105.5,1.0,1.525,6.8,3,1
DDH006,5053.6,6046.53,1096.4,105.5,107.0,1.5,0.358,2.3,3,1
DDH007,5114.76,6042.25,1200.97,0.0,1.0,1.0,0.233,3.36,1,1
DDH007,5113.35,6040.28,1199.97,1.0,2.0,1.0,0.934,3.87,1,1
DDH007,5112.81,6042.09,1198.97,2.0,4.0,2.0,0.22,3.19,1,2
DDH007,5112.16,6041.76,1196.97,4.0,6.0,2.0,0.186,2.49,1,1
DDH007,5114.39,6040.42,1194.97,6.0,8.0,2.0,0.234,2.97,1,2
DDH007,5114.33,6039.55,1192.97,8.0,9.0,1.0,0.702,5.33,1,2
DDH007,5116.96,6040.01,1191.97,9.0,11.0,2.0,0.046,1.36,1,1
DDH007,5114.8,6041.12,1189.97,11.0,13.0,2.0,1.126,9.62,1,1
DDH007,5114.71,6041.57,1187.97,13.0,14.5,1.5,0.119,0.96,1,1
DDH007,5113.85,6040.83,1186.47,14.5,15.5,1.0,0.052,1.49,1,1
DDH007,5113.93,6041.76,1185.47,15.5,17.5,2.0,0.089,2.33,1,1
DDH007,5114.04,6039.54,1183.47,17.5,18.5,1.0,0.279,2.77,1,2
DDH007,5114.11,6043.49,1182.47,18.5,20.5,2.0,0.138,1.68,1,2
DDH007,5114.71,6038.79,1180.47,20.5,22.5,2.0,0.268,2.86,1,2
DDH007,5115.6,6040.95,1178.47,22.5,23.5,1.0,1.237,6.95,1,2
DDH007,5113.56,6041.24,1177.47,23.5,25.0,1.5,0.029,1.1,1,2
DDH007,5115.62,6039.72,1175.97,25.0,27.0,2.0,0.139,0.93,1,2
DDH007,5113.63,6040.59,1173.97,27.0,29.0,2.0,1.259,4.13,1,1
DDH007,5114.36,6039.67,1171.97,29.0,30.0,1.0,0.231,2.67,1,1
DDH007,5113.75,6041.23,1170.97,30.0,32.0,2.0,3.398,17.24,2,1
DDH007,5115.24,6040.34,1168.97,32.0,33.5,1.5,5.639,40.29,2,1
DDH007,5113.8,6040.5,1167.47,33.5,34.5,1.0,1.979,9.17,2,2
DDH007,5116.28,6043.38,1166.47,34.5,35.5,1.0,0.897,4.72,2,1
DDH007,5113.94,6040.06,1165.47,35.5,36.5,1.0,1.589,10.47,2,1
DDH007,5113.65,6043.92,1164.47,36.5,38.0,1.5,1.31,4.83,2,2
DDH007,5113.28,6042.82,1162.97,38.0,39.5,1.5,1.128,6.99,2,2
DDH007,5113.45,6042.58,1161.47,39.5,40.5,1.0,1.949,10.76,2,1
DDH007,5115.26,6042.33,1160.47,40.5,42.0,1.5,1.626,8.56,2,1
DDH007,5112.91,6041.11,1158.97,42.0,43.0,1.0,0.356,2.76,2,2
DDH007,5114.24,6040.97,1157.97,43.0,45.0,2.0,1.138,8.13,2,2
DDH007,5114.27,6040.71,1155.97,45.0,46.5,1.5,1.001,7.01,2,1
DDH007,5114.61,6042.08,1154.47,46.5,48.5,2.0,0.265,2.97,2,1
DDH007,5114.74,6040.65,1152.47,48.5,50.5,2.0,0.252,1.93,2,1
DDH007,5112.46,6041.88,1150.47,50.5,52.5,2.0,3.453,18.7,2,2
DDH007,5115.43,6042.67,1148.47,52.5,54.5,2.0,2.665,20.05,2,1
DDH007,5113.45,6041.53,1146.47,54.5,55.5,1.0,1.217,9.29,2,1
DDH007,5116.05,6040.21,1145.47,55.5,57.5,2.0,1.615,10.28,2,1
DDH007,5113.26,6039.08,1143.47,57.5,59.0,1.5,1.507,5.19,2,1
DDH007,5113.93,6041.35,1141.97,59.0,60.0,1.0,30.87,2.55,2,1
DDH008,5147.11,6054.02,1201.43,0.0,2.0,2.0,0.192,2.58,1,2
DDH008,5148.66,6053.15,1199.43,2.0,4.0,2.0,0.796,6.58,1,1
DDH008,5147.94,6052.74,1197.43,4.0,5.5,1.5,0.16,2.01,1,2
DDH008,5150.31,6054.79,1195.93,5.5,6.5,1.0,0.086,1.87,1,2
DDH008,5148.6,6051.35,1194.93,6.5,8.5,2.0,0.428,2.56,1,1
DDH008,5149.05,6054.39,1192.93,8.5,10.0,1.5,0.086,1.03,1,2
DDH008,5147.92,6051.81,1191.43,10.0,12.0,2.0,0.08,1.15,1,1
DDH008,5149.57,6053.96,1189.43,12.0,13.0,1.0,0.149,1.79,1,1
DDH008,5148.65,6052.89,1188.43,13.0,14.5,1.5,0.39,4.02,1,1
DDH008,5145.59,6054.55,1186.93,14.5,15.5,1.0,0.111,1.91,1,2
DDH008,5147.04,6052.27,1185.93,15.5,17.5,2.0,0.128,1.55,1,2
DDH008,5147.31,6052.78,1183.93,17.5,19.5,2.0,0.04,1.17,1,2
DDH008,5148.1,6052.5,1181.93,19.5,20.5,1.0,0.487,1.91,1,2
DDH008,5147.34,6052.68,1180.93,20.5,22.0,1.5,0.066,1.46,1,2
DDH008,5146.32,6052.98,1179.43,22.0,23.5,1.5,0.071,0.79,1,2
DDH008,5150.5,6053.42,1177.93,23.5,25.0,1.5,0.113,1.1,1,1
DDH008,5147.48,6054.27,1176.43,25.0,26.0,1.0,0.045,1.43,1,1
DDH008,5147.86,6053.09,1175.43,26.0,28.0,2.0,0.172,1.55,1,2
DDH008,5148.41,6052.93,1173.43,28.0,29.0,1.0,0.115,1.39,1,1
DDH008,5150.2,6052.02,1172.43,29.0,31.0,2.0,0.18,1.72,1,1
DDH008,5148.99,6053.53,1170.43,31.0,32.0,1.0,0.271,2.76,2,2
DDH008,5148.21,6053.56,1169.43,32.0,34.0,2.0,1.534,8.63,2,2
DDH008,5149.05,6053.59,1167.43,34.0,36.0,2.0,0.722,3.09,2,1
DDH008,5148.41,6052.83,1165.43,36.0,38.0,2.0,1.615,7.15,2,2
DDH008,5148.76,6051.96,1163.43,38.0,40.0,2.0,0.993,5.88,2,2
DDH008,5149.13,6052.1,1161.43,40.0,41.0,1.0,1.371,8.28,2,2
DDH008,5148.48,6052.7,1160.43,41.0,42.0,1.0,2.699,8.6,2,2
DDH008,5148.63,6053.29,1159.43,42.0,43.5,1.5,2.291,12.16,2,1
DDH008,5148.71,6052.88,1157.93,43.5,45.5,2.0,0.397,1.73,2,2
DDH008,5148.62,6054.1,1155.93,45.5,47.5,2.0,0.957,4.46,2,2
DDH008,5149.43,6054.02,1153.93,47.5,49.5,2.0,3.658,23.29,2,2
DDH008,5149.16,6053.86,1151.93,49.5,50.5,1.0,0.75,3.73,2,2
DDH008,5149.66,6056.22,1150.93,50.5,51.5,1.0,0.543,1.76,2,2
DDH008,5146.69,6052.76,1149.93,51.5,53.5,2.0,1.566,11.5,2,2
DDH008,5148.88,6053.05,1147.93,53.5,55.0,1.5,0.406,2.79,2,2
DDH008,5148.31,6053.02,1146.43,55.0,57.0,2.0,3.554,8.71,2,1
DDH008,5147.22,6053.33,1144.43,57.0,59.0,2.0,0.252,1.95,2,1
DDH008,5148.89,6052.21,1142.43,59.0,60.5,1.5,0.214,2.07,2,1
DDH008,5148.04,6052.73,1140.93,60.5,61.5,1.0,1.128,9.49,3,2
DDH008,5149.32,6053.46,1139.93,61.5,62.5,1.0,0.536,4.86,3,2
DDH008,5150.05,6053.62,1138.93,62.5,64.5,2.0,0.984,7.86,3,2
DDH008,5147.99,6054.76,1136.93,64.5,65.5,1.0,0.236,1.39,3,1
DDH008,5149.0,6054.27,1135.93,65.5,67.0,1.5,0.219,2.02,3,2
DDH008,5148.61,6053.58,1134.43,67.0,68.5,1.5,0.698,4.21,3,1
DDH008,5148.57,6053.33,1132.93,68.5,70.5,2.0,0.741,4.38,3,1
DDH008,5149.57,6053.46,1130.93,70.5,71.5,1.0,3.274,18.9,3,1
DDH008,5148.15,6053.61,1129.93,71.5,73.5,2.0,0.32,3.17,3,2
DDH008,5148.17,6056.06,1127.93,73.5,75.0,1.5,0.599,4.25,3,1
DDH008,5149.44,6053.0,1126.43,75.0,76.5,1.5,0.235,1.18,3,2
DDH008,5147.43,6053.58,1124.93,76.5,78.0,1.5,0.424,3.19,3,2
DDH008,5147.76,6052.84,1123.43,78.0,79.0,1.0,0.606,4.75,3,1
DDH008,5149.75,6056.17,1122.43,79.0,81.0,2.0,1.449,8.45,3,1
DDH008,5147.43,6053.06,1120.43,81.0,82.5,1.5,0.231,1.55,3,2
DDH008,5149.01,6053.96,1118.93,82.5,83.5,1.0,0.607,3.41,3,1
DDH008,5147.5,6051.62,1117.93,83.5,84.5,1.0,3.031,18.38,3,2
DDH008,5149.05,6054.09,1116.93,84.5,86.0,1.5,0.403,4.31,3,2
DDH008,5146.65,6053.18,1115.43,86.0,88.0,2.0,0.183,1.74,3,1
DDH008,5148.33,6053.45,1113.43,88.0,89.0,1.0,0.37,2.27,3,2
DDH008,5148.94,6053.97,1112.43,89.0,90.0,1.0,1.189,6.9,3,2
DDH008,5150.28,6052.49,1111.43,90.0,92.0,2.0,0.915,9.15,3,1
DDH008,5147.02,6053.45,1109.43,92.0,93.0,1.0,0.454,3.01,3,1
DDH008,5148.74,6053.51,1108.43,93.0,95.0,2.0,0.485,4.0,3,2
DDH008,5147.43,6052.07,1106.43,95.0,97.0,2.0,3.213,20.2,3,1
DDH008,5148.41,6052.46,1104.43,97.0,99.0,2.0,0.196,1.48,3,2
DDH008,5149.45,6053.85,1102.43,99.0,100.0,1.0,1.359,8.99,3,1
DDH009,5194.52,6043.12,1197.77,0.0,1.0,1.0,0.088,1.98,1,2
DDH009,5197.45,6039.71,1196.77,1.0,3.0,2.0,0.301,3.1,1,1
DDH009,5197.69,6042.7,1194.77,3.0,4.0,1.0,0.253,2.05,1,2
DDH009,5195.81,6042.72,1193.77,4.0,5.0,1.0,0.042,1.55,1,1
DDH009,5198.78,6041.54,1192.77,5.0,7.0,2.0,0.25,2.51,1,2
DDH009,5197.17,6042.55,1190.77,7.0,8.0,1.0,0.678,4.63,1,1
DDH009,5195.32,6042.54,1189.77,8.0,9.5,1.5,0.418,3.39,1,1
DDH009,5197.83,6044.66,1188.27,9.5,11.5,2.0,0.659,4.25,1,2
DDH009,5196.01,6039.33,1186.27,11.5,12.5,1.0,0.141,1.08,1,2
DDH009,5196.91,6043.38,1185.27,12.5,14.5,2.0,0.311,4.74,1,1
DDH009,5196.95,6042.59,1183.27,14.5,16.0,1.5,0.469,3.07,1,1
DDH009,5196.63,6042.51,1181.77,16.0,17.0,1.0,0.172,3.83,1,2
DDH009,5197.41,6039.87,1180.77,17.0,19.0,2.0,0.623,2.49,1,1
DDH009,5195.34,6042.35,1178.77,19.0,20.0,1.0,0.26,2.24,1,1
DDH009,5197.73,6043.14,1177.77,20.0,21.5,1.5,0.143,4.93,1,2
DDH009,5196.71,6042.9,1176.27,21.5,22.5,1.0,0.845,5.88,1,1
DDH009,5197.65,6042.74,1175.27,22.5,23.5,1.0,0.19,2.72,1,1
DDH009,5194.71,6042.24,1174.27,23.5,25.5,2.0,0.216,2.14,1,1
DDH009,5195.9,6041.74,1172.27,25.5,27.5,2.0,0.663,7.23,1,2
DDH009,5196.51,6041.21,1170.27,27.5,28.5,1.0,2.179,7.51,1,1
DDH009,5198.49,6041.73,1169.27,28.5,30.0,1.5,0.083,1.21,1,2
DDH009,5196.81,6041.82,1167.77,30.0,32.0,2.0,2.349,15.47,2,2
DDH009,5196.28,6040.48,1165.77,32.0,34.0,2.0,0.375,2.88,2,2
DDH009,5197.6,6040.43,1163.77,34.0,36.0,2.0,4.099,27.17,2,1
DDH009,5196.71,6041.44,1161.77,36.0,37.5,1.5,0.671,4.44,2,2
DDH009,5196.2,6041.22,1160.27,37.5,39.0,1.5,0.999,7.47,2,2
DDH009,5196.36,6041.19,1158.77,39.0,40.5,1.5,1.938,10.31,2,2
DDH009,5198.25,6041.34,1157.27,40.5,41.5,1.0,0.322,3.8,2,1
DDH009,5196.62,6043.64,1156.27,41.5,43.0,1.5,2.598,19.06,2,1
DDH009,5196.32,6042.07,1154.77,43.0,44.5,1.5,1.634,8.03,2,1
DDH009,5197.0,6041.85,1153.27,44.5,45.5,1.0,0.379,2.13,2,2
DDH009,5196.77,6042.16,1152.27,45.5,46.5,1.0,0.616,4.36,2,2
DDH009,5199.5,6041.71,1151.27,46.5,48.5,2.0,0.622,3.54,2,2
DDH009,5196.49,6042.63,1149.27,48.5,50.0,1.5,2.98,21.55,2,2
DDH009,5196.29,6040.25,1147.77,50.0,52.0,2.0,1.031,7.68,2,2
DDH009,5195.71,6041.39,1145.77,52.0,54.0,2.0,0.48,4.3,2,1
DDH009,5196.91,6041.63,1143.77,54.0,55.0,1.0,1.004,6.79,2,2
DDH009,5196.93,6040.06,1142.77,55.0,56.0,1.0,2.004,15.49,2,1
DDH009,5196.02,6042.31,1141.77,56.0,57.0,1.0,2.962,8.7,2,2
DDH009,5197.75,6043.47,1140.77,57.0,58.5,1.5,1.363,7.95,2,1
DDH009,5196.2,6042.86,1139.27,58.5,60.0,1.5,1.835,9.31,2,2
DDH009,5194.7,6041.54,1137.77,60.0,61.0,1.0,1.199,6.93,3,2
DDH009,5197.38,6043.31,1136.77,61.0,62.0,1.0,0.739,4.3,3,2
DDH009,5196.59,6041.49,1135.77,62.0,64.0,2.0,1.767,10.58,3,2
DDH009,5196.31,6042.1,1133.77,64.0,66.0,2.0,0.546,5.42,3,2
DDH009,5198.68,6041.88,1131.77,66.0,67.0,1.0,0.741,5.14,3,1
DDH009,5196.53,6043.17,1130.77,67.0,69.0,2.0,2.469,8.79,3,1
DDH009,5197.04,6041.91,1128.77,69.0,71.0,2.0,1.263,6.71,3,1
DDH009,5197.51,6042.72,1126.77,71.0,72.0,1.0,0.205,1.98,3,2
DDH009,5196.85,6041.6,1125.77,72.0,73.0,1.0,0.649,5.38,3,2
DDH009,5195.22,6041.98,1124.77,73.0,75.0,2.0,2.769,10.69,3,1
DDH009,5194.8,6042.93,1122.77,75.0,76.0,1.0,0.069,1.28,3,2
DDH009,5198.23,6043.77,1121.77,76.0,78.0,2.0,1.718,13.76,3,1
DDH009,5195.09,6042.56,1119.77,78.0,80.0,2.0,0.193,2.12,3,2
DDH009,5196.82,6042.47,1117.77,80.0,82.0,2.0,0.799,5.07,3,2
DDH009,5195.91,6043.06,1115.77,82.0,83.0,1.0,0.189,2.6,3,1
DDH009,5196.98,6043.5,1114.77,83.0,84.5,1.5,0.61,6.02,3,2
DDH009,5197.37,6042.8,1113.27,84.5,86.5,2.0,0.788,8.52,3,2
DDH009,5194.98,6043.13,1111.27,86.5,88.5,2.0,0.214,2.77,3,1
DDH009,5198.08,6041.19,1109.27,88.5,90.5,2.0,1.6,8.11,3,2
DDH009,5195.23,6042.91,1107.27,90.5,91.5,1.0,0.376,1.42,3,2
DDH009,5196.89,6043.02,1106.27,91.5,93.5,2.0,0.316,2.24,3,2
DDH009,5198.43,6042.3,1104.27,93.5,95.0,1.5,1.997,8.8,3,2
DDH009,5196.08,6042.05,1102.77,95.0,97.0,2.0,0.391,4.6,3,1
DDH009,5198.04,6043.3,1100.77,97.0,98.5,1.5,0.185,1.8,3,1
DDH009,5197.49,6042.0,1099.27,98.5,100.0,1.5,0.371,3.43,3,2
DDH009,5198.54,6041.58,1097.77,100.0,101.0,1.0,0.19,1.84,3,2
DDH009,5198.18,6041.26,1096.77,101.0,103.0,2.0,3.871,13.87,3,2
DDH009,5196.72,6042.54,1094.77,103.0,104.5,1.5,0.265,1.17,3,1
DDH009,5196.47,6042.21,1093.27,104.5,106.0,1.5,0.239,1.21,3,1
DDH009,5197.59,6043.53,1091.77,106.0,107.5,1.5,0.352,1.43,3,1
DDH009,5198.46,6042.6,1090.27,107.5,109.0,1.5,0.695,3.35,3,2
DDH009,5197.89,6041.4,1088.77,109.0,110.0,1.0,16.34,2.96,3,2
DDH009,5198.18,6040.18,1087.77,110.0,111.0,1.0,0.51,3.43,3,1
DDH010,4993.75,6095.23,1199.81,0.0,1.5,1.5,0.786,6.15,1,2
DDH010,4994.79,6095.05,1198.31,1.5,3.5,2.0,0.483,3.4,1,2
DDH010,4993.49,6094.79,1196.31,3.5,4.5,1.0,0.32,3.71,1,2
DDH010,4993.67,6094.95,1195.31,4.5,5.5,1.0,0.209,1.79,1,1
DDH010,4994.89,6093.11,1194.31,5.5,7.0,1.5,0.569,2.58,1,1
DDH010,4993.43,6096.68,1192.81,7.0,9.0,2.0,0.132,1.33,1,2
DDH010,4993.14,6094.81,1190.81,9.0,11.0,2.0,0.078,2.99,1,1
DDH010,4994.99,6093.99,1188.81,11.0,13.0,2.0,0.095,4.05,1,1
DDH010,4994.76,6095.89,1186.81,13.0,14.5,1.5,0.106,2.03,1,2
DDH010,4993.99,6094.45,1185.31,14.5,16.5,2.0,0.192,1.98,1,1
DDH010,4994.24,6095.17,1183.31,16.5,18.0,1.5,0.247,1.93,1,2
DDH010,4993.07,6095.73,1181.81,18.0,20.0,2.0,0.489,4.23,1,2
DDH010,4994.43,6095.61,1179.81,20.0,21.0,1.0,0.119,3.17,1,1
DDH010,4993.17,6097.47,1178.81,21.0,22.0,1.0,0.375,3.12,1,2
DDH010,4995.11,6094.18,1177.81,22.0,23.5,1.5,0.147,1.28,1,1
DDH010,4993.61,6094.78,1176.31,23.5,25.0,1.5,0.582,2.44,1,2
DDH010,4992.82,6094.32,1174.81,25.0,26.0,1.0,0.149,1.53,1,1
DDH010,4994.18,6094.2,1173.81,26.0,28.0,2.0,0.41,2.72,1,1
DDH010,4992.75,6094.95,1171.81,28.0,29.5,1.5,0.534,3.0,1,1
DDH010,4992.97,6094.48,1170.31,29.5,31.5,2.0,0.04,0.59,1,2
DDH010,4992.14,6095.62,1168.31,31.5,32.5,1.0,0.923,2.62,2,1
DDH010,4994.28,6093.81,1167.31,32.5,33.5,1.0,3.186,11.77,2,1
DDH010,4991.94,6097.33,1166.31,33.5,35.5,2.0,1.344,13.22,2,1
DDH010,4994.1,6094.73,1164.31,35.5,37.5,2.0,3.606,12.23,2,1
DDH010,4993.43,6095.94,1162.31,37.5,39.0,1.5,1.836,15.69,2,2
DDH010,4993.03,6094.22,1160.81,39.0,40.5,1.5,2.882,16.18,2,1
DDH010,4994.97,6095.08,1159.31,40.5,41.5,1.0,3.591,12.57,2,2
DDH010,4993.26,6093.95,1158.31,41.5,42.5,1.0,6.159,13.66,2,2
DDH010,4992.52,6093.58,1157.31,42.5,43.5,1.0,2.637,19.2,2,2
DDH010,4991.76,6094.16,1156.31,43.5,45.0,1.5,5.908,44.41,2,1
DDH010,4992.28,6094.3,1154.81,45.0,47.0,2.0,0.271,0.89,2,1
DDH010,4994.35,6095.98,1152.81,47.0,49.0,2.0,2.131,11.17,2,1
DDH010,4993.21,6094.51,1150.81,49.0,50.5,1.5,1.96,14.13,2,2
DDH010,4992.94,6093.63,1149.31,50.5,51.5,1.0,2.18,5.23,2,1
DDH010,4993.04,6093.43,1148.31,51.5,53.5,2.0,1.601,9.92,2,2
DDH010,4994.75,6094.86,1146.31,53.5,55.5,2.0,0.92,6.45,2,1
DDH010,4993.6,6092.6,1144.31,55.5,57.0,1.5,2.434,17.81,2,2
DDH011,5050.51,6109.08,1204.73,0.0,1.0,1.0,0.507,3.8,1,2
DDH011,5050.44,6109.41,1203.73,1.0,2.0,1.0,0.501,3.8,1,2
DDH011,5051.03,6106.98,1202.73,2.0,4.0,2.0,0.488,2.96,1,1
DDH011,5053.43,6110.99,1200.73,4.0,5.0,1.0,0.802,6.02,1,1
DDH011,5053.39,6110.15,1199.73,5.0,7.0,2.0,0.171,2.37,1,2
DDH011,5051.49,6107.21,1197.73,7.0,9.0,2.0,0.639,3.09,1,2
DDH011,5051.97,6111.67,1195.73,9.0,11.0,2.0,0.089,1.4,1,2
DDH011,5051.82,6108.12,1193.73,11.0,12.5,1.5,0.218,2.16,1,1
DDH011,5052.81,6109.67,1192.23,12.5,14.0,1.5,0.121,1.67,1,1
DDH011,5051.0,6109.6,1190.73,14.0,16.0,2.0,0.132,2.04,1,2
DDH011,5051.59,6109.98,1188.73,16.0,17.5,1.5,1.768,15.11,1,2
DDH011,5052.01,6111.11,1187.23,17.5,19.5,2.0,0.149,2.64,1,2
DDH011,5051.3,6108.96,1185.23,19.5,21.0,1.5,0.965,10.35,1,2
DDH011,5053.04,6110.41,1183.73,21.0,22.5,1.5,1.818,9.37,1,2
DDH011,5049.81,6110.78,1182.23,22.5,23.5,1.0,0.055,1.2,1,2
DDH011,5051.37,6109.84,1181.23,23.5,25.5,2.0,0.434,2.0,1,2
DDH011,5052.17,6107.68,1179.23,25.5,26.5,1.0,0.134,2.33,1,2
DDH011,5051.62,6109.74,1178.23,26.5,27.5,1.0,0.862,2.65,1,1
DDH011,5051.69,6110.29,1177.23,27.5,29.5,2.0,0.066,1.66,1,2
DDH011,5051.93,6109.63,1175.23,29.5,31.5,2.0,0.308,2.24,1,2
DDH011,5050.9,6109.23,1173.23,31.5,32.5,1.0,1.398,7.52,2,1
DDH011,5052.68,6111.15,1172.23,32.5,34.5,2.0,1.066,4.47,2,2
DDH011,5051.34,6108.58,1170.23,34.5,35.5,1.0,0.644,4.34,2,1
DDH011,5052.97,6109.92,1169.23,35.5,36.5,1.0,0.973,3.37,2,1
DDH011,5052.04,6110.16,1168.23,36.5,38.0,1.5,1.739,12.59,2,2
DDH011,5050.22,6110.49,1166.73,38.0,40.0,2.0,0.697,5.96,2,1
DDH011,5050.53,6110.77,1164.73,40.0,42.0,2.0,0.69,1.81,2,1
DDH011,5051.32,6110.46,1162.73,42.0,44.0,2.0,0.55,2.1,2,1
DDH011,5053.02,6109.06,1160.73,44.0,45.0,1.0,0.66,3.51,2,2
DDH011,5053.12,6109.07,1159.73,45.0,47.0,2.0,0.737,2.38,2,1
DDH011,5052.57,6110.78,1157.73,47.0,48.0,1.0,2.54,16.18,2,1
DDH011,5050.49,6108.91,1156.73,48.0,50.0,2.0,1.553,12.91,2,2
DDH011,5052.07,6110.47,1154.73,50.0,51.0,1.0,4.455,29.82,2,1
DDH011,5052.12,6109.91,1153.73,51.0,52.0,1.0,1.3,7.45,2,1
DDH011,5051.74,6110.14,1152.73,52.0,53.0,1.0,2.439,8.46,2,1
DDH011,5051.84,6109.1,1151.73,53.0,54.5,1.5,2.081,16.47,2,2
DDH011,5052.32,6111.7,1150.23,54.5,56.5,2.0,0.542,3.93,2,1
DDH012,5098.94,6116.94,1199.32,0.0,2.0,2.0,0.156,2.09,1,1
DDH012,5098.92,6114.55,1197.32,2.0,3.0,1.0,0.285,2.96,1,1
DDH012,5098.36,6115.11,1196.32,3.0,4.0,1.0,2.471,13.11,1,1
DDH012,5099.39,6114.28,1195.32,4.0,5.5,1.5,0.368,2.24,1,2
DDH012,5099.74,6116.14,1193.82,5.5,7.5,2.0,0.098,1.97,1,2
DDH012,5099.23,6115.79,1191.82,7.5,9.0,1.5,0.449,5.05,1,2
DDH012,5099.62,6115.85,1190.32,9.0,11.0,2.0,0.092,0.94,1,1
DDH012,5097.69,6113.74,1188.32,11.0,12.0,1.0,0.092,1.06,1,1
DDH012,5100.11,6113.86,1187.32,12.0,13.5,1.5,0.241,2.8,1,1
DDH012,5100.22,6114.85,1185.82,13.5,14.5,1.0,0.561,4.24,1,2
DDH012,5099.37,6116.18,1184.82,14.5,15.5,1.0,0.328,3.24,1,1
DDH012,5098.03,6116.18,1183.82,15.5,16.5,1.0,0.232,2.76,1,1
DDH012,5100.06,6116.59,1182.82,16.5,18.0,1.5,0.068,3.43,1,1
DDH012,5098.46,6114.24,1181.32,18.0,19.5,1.5,0.05,1.38,1,2
DDH012,5100.56,6114.08,1179.82,19.5,21.0,1.5,0.388,1.72,1,1
DDH012,5099.8,6116.07,1178.32,21.0,22.0,1.0,0.144,2.49,1,2
DDH012,5099.31,6115.64,1177.32,22.0,23.0,1.0,0.608,2.67,1,2
DDH012,5099.24,6116.31,1176.32,23.0,25.0,2.0,0.104,2.13,1,2
DDH012,5099.4,6114.51,1174.32,25.0,27.0,2.0,0.063,1.31,1,2
DDH012,5097.96,6115.49,1172.32,27.0,28.5,1.5,0.101,1.58,1,1
DDH012,5099.01,6114.85,1170.82,28.5,29.5,1.0,0.144,0.68,1,1
DDH012,5098.68,6113.24,1169.82,29.5,31.5,2.0,0.591,4.84,1,2
DDH012,5098.65,6116.9,1167.82,31.5,33.5,2.0,3.543,18.3,2,1
DDH012,5100.06,6113.8,1165.82,33.5,35.0,1.5,0.904,4.22,2,2
DDH012,5099.33,6114.66,1164.32,35.0,36.0,1.0,1.035,7.28,2,1
DDH012,5098.99,6114.72,1163.32,36.0,37.0,1.0,0.883,7.54,2,2
DDH012,5100.03,6118.25,1162.32,37.0,38.5,1.5,2.448,13.18,2,1
DDH012,5098.61,6114.65,1160.82,38.5,40.0,1.5,2.308,8.03,2,2
DDH012,5099.92,6115.0,1159.32,40.0,41.5,1.5,1.275,5.33,2,1
DDH012,5098.74,6115.32,1157.82,41.5,42.5,1.0,4.144,10.6,2,2
DDH012,5099.12,6114.48,1156.82,42.5,44.5,2.0,3.384,18.74,2,1
DDH012,5098.66,6115.22,1154.82,44.5,46.0,1.5,1.518,8.03,2,2
DDH012,5097.43,6114.81,1153.32,46.0,47.5,1.5,1.195,5.12,2,2
DDH012,5098.82,6115.42,1151.82,47.5,49.5,2.0,6.813,49.29,2,1
DDH013,5148.18,6102.08,1197.25,0.0,2.0,2.0,0.469,3.36,1,2
DDH013,5148.63,6102.91,1195.25,2.0,4.0,2.0,0.089,1.32,1,1
DDH013,5150.6,6103.0,1193.25,4.0,5.5,1.5,0.345,2.46,1,2
DDH013,5150.3,6102.69,1191.75,5.5,6.5,1.0,0.177,1.7,1,2
DDH013,5150.61,6102.92,1190.75,6.5,8.5,2.0,0.392,3.24,1,1
DDH013,5151.31,6102.67,1188.75,8.5,9.5,1.0,1.21,9.12,1,1
DDH013,5149.16,6101.9,1187.75,9.5,11.5,2.0,0.055,0.79,1,1
DDH013,5150.63,6100.84,1185.75,11.5,13.5,2.0,0.377,2.32,1,2
DDH013,5151.94,6101.18,1183.75,13.5,15.0,1.5,0.32,2.42,1,1
DDH013,5152.56,6103.19,1182.25,15.0,17.0,2.0,0.423,3.58,1,2
DDH013,5148.87,6102.83,1180.25,17.0,18.5,1.5,0.056,0.45,1,2
DDH013,5151.83,6102.83,1178.75,18.5,20.0,1.5,0.082,1.6,1,2
DDH013,5149.91,6105.51,1177.25,20.0,22.0,2.0,0.225,3.02,1,2
DDH013,5151.68,6101.09,1175.25,22.0,23.5,1.5,0.314,3.71,1,1
DDH013,5151.41,6102.05,1173.75,23.5,25.5,2.0,0.164,1.6,1,1
DDH013,5150.93,6102.76,1171.75,25.5,27.5,2.0,0.173,3.94,1,2
DDH013,5151.87,6102.16,1169.75,27.5,29.5,2.0,0.604,2.57,1,2
DDH013,5151.61,6104.16,1167.75,29.5,31.0,1.5,0.054,2.8,1,2
DDH013,5151.66,6102.8,1166.25,31.0,32.0,1.0,1.845,7.94,2,2
DDH013,5152.95,6104.06,1165.25,32.0,33.5,1.5,0.457,3.48,2,1
DDH013,5150.58,6103.79,1163.75,33.5,34.5,1.0,5.36,28.97,2,1
DDH013,5150.67,6103.83,1162.75,34.5,36.5,2.0,0.459,3.81,2,1
DDH013,5152.2,6103.57,1160.75,36.5,38.5,2.0,0.952,4.59,2,2
DDH013,5150.65,6101.48,1158.75,38.5,40.0,1.5,2.885,12.13,2,1
DDH013,5150.85,6103.7,1157.25,40.0,41.5,1.5,1.157,7.06,2,2
DDH013,5152.21,6103.33,1155.75,41.5,43.0,1.5,1.211,9.06,2,1
DDH013,5151.34,6103.24,1154.25,43.0,44.0,1.0,1.725,9.37,2,2
DDH013,5151.96,6103.05,1153.25,44.0,46.0,2.0,2.362,6.69,2,1
DDH013,5151.54,6101.97,1151.25,46.0,47.0,1.0,2.23,7.21,2,1
DDH013,5152.46,6103.08,1150.25,47.0,48.5,1.5,1.126,4.55,2,2
DDH013,5150.7,6104.0,1148.75,48.5,49.5,1.0,0.373,4.92,2,1
DDH013,5150.55,6103.56,1147.75,49.5,50.5,1.0,2.28,19.35,2,1
DDH013,5151.29,6102.43,1146.75,50.5,51.5,1.0,1.75,10.31,2,1
DDH013,5151.46,6101.95,1145.75,51.5,53.5,2.0,6.328,49.98,2,1
DDH013,5150.64,6102.48,1143.75,53.5,54.5,1.0,3.783,14.07,2,1
DDH013,5151.0,6101.44,1142.75,54.5,55.5,1.0,2.517,9.13,2,2
DDH013,5149.7,6103.19,1141.75,55.5,56.5,1.0,5.171,38.43,2,1
DDH013,5150.82,6102.09,1140.75,56.5,58.0,1.5,2.867,8.36,2,2
DDH013,5149.55,6103.34,1139.25,58.0,59.0,1.0,2.025,16.19,2,1
DDH013,5152.92,6101.67,1138.25,59.0,60.0,1.0,1.601,8.02,2,1
DDH013,5152.24,6104.5,1137.25,60.0,61.0,1.0,0.219,2.45,3,2
DDH013,5150.32,6100.92,1136.25,61.0,62.0,1.0,0.32,2.86,3,1
DDH013,5152.35,6102.77,1135.25,62.0,63.0,1.0,1.074,4.89,3,1
DDH013,5150.85,6103.34,1134.25,63.0,64.0,1.0,0.102,1.74,3,2
DDH013,5151.75,6103.89,1133.25,64.0,65.0,1.0,0.267,0.97,3,1
DDH013,5150.26,6101.81,1132.25,65.0,66.0,1.0,0.615,3.63,3,2
DDH013,5149.96,6103.92,1131.25,66.0,67.0,1.0,0.424,4.4,3,2
DDH013,5150.76,6102.53,1130.25,67.0,69.0,2.0,0.864,7.29,3,1
DDH013,5149.54,6101.14,1128.25,69.0,71.0,2.0,0.354,3.58,3,2
DDH013,5149.41,6104.12,1126.25,71.0,73.0,2.0,0.414,4.03,3,2
DDH013,5151.14,6103.55,1124.25,73.0,75.0,2.0,1.538,7.47,3,2
DDH013,5152.8,6101.79,1122.25,75.0,76.0,1.0,0.787,6.51,3,2
DDH013,5151.2,6102.53,1121.25,76.0,77.0,1.0,0.455,2.56,3,1
DDH013,5151.02,6103.18,1120.25,77.0,78.0,1.0,0.453,2.59,3,2
DDH013,5152.86,6101.65,1119.25,78.0,79.5,1.5,0.749,6.45,3,1
DDH013,5151.45,6102.83,1117.75,79.5,81.5,2.0,0.242,1.96,3,2
DDH013,5151.32,6105.32,1115.75,81.5,82.5,1.0,0.175,1.61,3,2
DDH013,5149.57,6103.98,1114.75,82.5,84.5,2.0,0.858,6.0,3,1
DDH013,5149.66,6102.65,1112.75,84.5,86.5,2.0,0.239,1.82,3,1
DDH013,5150.66,6102.52,1110.75,86.5,88.5,2.0,0.231,2.07,3,2
DDH013,5151.56,6102.55,1108.75,88.5,90.0,1.5,0.395,3.59,3,1
DDH013,5151.33,6103.15,1107.25,90.0,91.5,1.5,0.222,2.33,3,1
DDH013,5151.8,6102.6,1105.75,91.5,92.5,1.0,0.468,5.16,3,1
DDH013,5151.13,6101.96,1104.75,92.5,94.0,1.5,0.552,3.68,3,2
DDH013,5150.44,6102.21,1103.25,94.0,95.5,1.5,5.817,39.49,3,1
DDH013,5150.13,6100.99,1101.75,95.5,97.5,2.0,0.245,1.34,3,2
DDH013,5151.79,6101.97,1099.75,97.5,99.5,2.0,5.583,25.46,3,2
DDH013,5151.65,6102.47,1097.75,99.5,101.0,1.5,0.349,3.28,3,2
DDH013,5149.1,6102.25,1096.25,101.0,103.0,2.0,0.376,3.62,3,2
DDH013,5152.06,6103.62,1094.25,103.0,104.5,1.5,0.59,3.45,3,2
DDH013,5149.54,6103.12,1092.75,104.5,106.0,1.5,1.035,7.26,3,1
DDH013,5151.35,6102.63,1091.25,106.0,108.0,2.0,1.199,9.86,3,2
DDH013,5152.24,6104.52,1089.25,108.0,110.0,2.0,0.63,3.28,3,1
DDH014,5193.55,6099.08,1200.13,0.0,1.0,1.0,0.143,2.81,1,2
DDH014,5194.76,6098.3,1199.13,1.0,3.0,2.0,0.191,2.1,1,1
DDH014,5194.9,6095.73,1197.13,3.0,4.5,1.5,0.114,1.74,1,1
DDH014,5194.19,6098.05,1195.63,4.5,6.5,2.0,0.257,1.94,1,1
DDH014,5193.19,6098.29,1193.63,6.5,8.5,2.0,0.179,1.57,1,2
DDH014,5195.15,6098.29,1191.63,8.5,10.0,1.5,0.909,6.22,1,2
DDH014,5194.15,6098.59,1190.13,10.0,11.5,1.5,0.166,2.38,1,1
DDH014,5193.15,6099.78,1188.63,11.5,13.0,1.5,0.093,1.29,1,1
DDH014,5193.75,6096.97,1187.13,13.0,14.0,1.0,0.375,1.92,1,2
DDH014,5191.59,6098.26,1186.13,14.0,15.0,1.0,0.291,2.49,1,2
DDH014,5193.18,6097.0,1185.13,15.0,16.5,1.5,0.487,2.53,1,1
DDH014,5193.93,6097.94,1183.63,16.5,18.5,2.0,0.242,1.35,1,1
DDH014,5195.56,6096.64,1181.63,18.5,19.5,1.0,0.075,1.13,1,1
DDH014,5194.48,6098.37,1180.63,19.5,20.5,1.0,0.325,2.03,1,2
DDH014,5194.32,6097.23,1179.63,20.5,21.5,1.0,0.144,1.11,1,2
DDH014,5195.33,6098.68,1178.63,21.5,22.5,1.0,0.069,0.98,1,1
DDH014,5193.51,6098.09,1177.63,22.5,24.0,1.5,0.113,0.93,1,1
DDH014,5192.87,6098.98,1176.13,24.0,25.5,1.5,0.075,0.57,1,1
DDH014,5194.24,6099.0,1174.63,25.5,26.5,1.0,0.065,1.25,1,1
DDH014,5196.37,6096.76,1173.63,26.5,28.5,2.0,0.057,0.56,1,1
DDH014,5196.34,6097.88,1171.63,28.5,29.5,1.0,0.087,2.33,1,1
DDH014,5193.27,6098.57,1170.63,29.5,31.0,1.5,0.03,0.94,1,1
DDH014,5194.59,6098.37,1169.13,31.0,33.0,2.0,1.995,5.08,2,1
DDH014,5193.17,6097.3,1167.13,33.0,35.0,2.0,3.038,19.71,2,1
DDH014,5194.13,6099.55,1165.13,35.0,36.5,1.5,2.047,16.94,2,2
DDH014,5193.62,6097.52,1163.63,36.5,38.0,1.5,1.586,7.61,2,2
DDH014,5191.95,6098.3,1162.13,38.0,39.5,1.5,4.542,21.33,2,1
DDH014,5193.51,6098.38,1160.63,39.5,41.5,2.0,0.775,4.75,2,1
DDH014,5193.09,6099.66,1158.63,41.5,42.5,1.0,0.753,5.26,2,2
DDH014,5193.12,6097.36,1157.63,42.5,43.5,1.0,2.376,19.23,2,2
DDH014,5194.14,6098.59,1156.63,43.5,45.5,2.0,0.855,5.17,2,2
DDH014,5193.67,6099.1,1154.63,45.5,47.5,2.0,0.817,3.69,2,2
DDH014,5192.55,6097.55,1152.63,47.5,49.5,2.0,2.003,9.73,2,1
DDH014,5193.01,6098.64,1150.63,49.5,51.5,2.0,0.542,3.79,2,1
DDH014,5193.24,6099.36,1148.63,51.5,53.5,2.0,1.134,7.82,2,2
DDH014,5194.82,6098.63,1146.63,53.5,55.5,2.0,0.831,3.73,2,2
DDH014,5194.39,6097.52,1144.63,55.5,56.5,1.0,5.402,41.0,2,2
DDH014,5195.64,6098.52,1143.63,56.5,58.0,1.5,2.066,6.73,2,1
DDH014,5193.93,6098.55,1142.13,58.0,59.5,1.5,5.8,41.26,2,2
DDH014,5192.96,6097.71,1140.63,59.5,60.5,1.0,0.44,3.81,2,1
DDH014,5193.46,6098.94,1139.63,60.5,62.0,1.5,0.386,2.21,3,2
DDH014,5193.9,6097.66,1138.13,62.0,64.0,2.0,0.234,4.75,3,1
DDH014,5192.48,6097.39,1136.13,64.0,65.0,1.0,0.488,2.02,3,2
DDH014,5193.98,6099.24,1135.13,65.0,66.0,1.0,0.387,2.92,3,2
DDH014,5194.3,6099.22,1134.13,66.0,67.5,1.5,0.644,5.29,3,1
DDH014,5194.99,6097.7,1132.63,67.5,69.0,1.5,0.763,2.69,3,1
DDH014,5193.85,6098.26,1131.13,69.0,70.0,1.0,0.529,2.61,3,1
DDH014,5195.34,6097.14,1130.13,70.0,71.0,1.0,0.369,2.56,3,1
DDH014,5193.41,6099.46,1129.13,71.0,72.0,1.0,0.043,0.98,3,2
DDH014,5193.9,6097.53,1128.13,72.0,73.5,1.5,0.482,5.23,3,2
DDH014,5193.98,6097.59,1126.63,73.5,75.0,1.5,0.302,5.19,3,1
DDH014,5194.74,6098.79,1125.13,75.0,77.0,2.0,0.738,6.0,3,1
DDH014,5195.77,6098.0,1123.13,77.0,79.0,2.0,0.747,6.14,3,2
DDH014,5193.95,6098.91,1121.13,79.0,80.0,1.0,0.051,2.37,3,2
DDH014,5193.31,6099.48,1120.13,80.0,82.0,2.0,0.252,1.48,3,1
DDH014,5194.65,6097.35,1118.13,82.0,83.0,1.0,0.238,1.47,3,1
DDH014,5193.62,6098.14,1117.13,83.0,84.0,1.0,0.88,3.49,3,2
DDH014,5193.85,6097.3,1116.13,84.0,85.5,1.5,1.122,4.62,3,2
DDH014,5194.23,6098.21,1114.63,85.5,87.5,2.0,1.56,10.96,3,1
DDH014,5195.34,6096.51,1112.63,87.5,89.5,2.0,0.372,3.03,3,2
DDH015,4999.79,6159.41,1199.65,0.0,2.0,2.0,0.826,6.28,1,1
DDH015,4999.14,6158.64,1197.65,2.0,3.0,1.0,0.744,3.06,1,1
DDH015,4999.33,6158.95,1196.65,3.0,4.5,1.5,0.066,1.65,1,2
DDH015,5000.55,6159.23,1195.15,4.5,5.5,1.0,0.351,3.77,1,2
DDH015,4998.37,6159.19,1194.15,5.5,7.0,1.5,0.141,1.5,1,2
DDH015,5000.44,6160.36,1192.65,7.0,9.0,2.0,0.24,4.24,1,2
DDH015,5001.47,6160.79,1190.65,9.0,11.0,2.0,0.16,3.42,1,2
DDH015,5000.75,6158.33,1188.65,11.0,12.0,1.0,0.09,1.15,1,1
DDH015,5001.01,6162.09,1187.65,12.0,13.0,1.0,0.297,2.19,1,1
DDH015,5001.59,6159.63,1186.65,13.0,14.5,1.5,0.177,2.05,1,1
DDH015,5000.35,6161.35,1185.15,14.5,16.0,1.5,0.292,2.92,1,1
DDH015,5002.09,6160.51,1183.65,16.0,17.5,1.5,0.343,3.27,1,1
DDH015,5000.87,6161.92,1182.15,17.5,19.5,2.0,0.076,1.48,1,1
DDH015,4999.51,6161.38,1180.15,19.5,21.0,1.5,0.504,2.74,1,1
DDH015,5000.39,6160.61,1178.65,21.0,23.0,2.0,0.383,1.93,1,1
DDH015,5000.69,6159.95,1176.65,23.0,25.0,2.0,0.104,1.35,1,2
DDH015,5000.2,6159.54,1174.65,25.0,26.0,1.0,0.35,3.17,1,2
DDH015,4998.73,6161.09,1173.65,26.0,27.5,1.5,0.043,1.96,1,1
DDH015,5000.0,6160.84,1172.15,27.5,29.5,2.0,0.16,2.7,1,2
DDH015,5001.63,6159.79,1170.15,29.5,30.5,1.0,0.145,1.85,1,2
DDH015,5000.87,6159.59,1169.15,30.5,32.0,1.5,0.563,4.21,2,1
DDH015,5001.88,6157.43,1167.65,32.0,33.0,1.0,1.203,5.34,2,1
DDH015,4999.76,6159.29,1166.65,33.0,34.0,1.0,0.983,5.21,2,2
DDH015,4999.61,6161.25,1165.65,34.0,36.0,2.0,2.165,13.27,2,1
DDH015,5002.15,6159.78,1163.65,36.0,38.0,2.0,2.239,15.65,2,1
DDH015,5000.48,6159.97,1161.65,38.0,40.0,2.0,4.001,23.04,2,2
DDH015,5000.8,6160.01,1159.65,40.0,41.0,1.0,9.801,22.98,2,2
DDH015,5000.42,6160.59,1158.65,41.0,42.0,1.0,2.082,5.32,2,2
DDH015,5000.57,6158.48,1157.65,42.0,44.0,2.0,0.636,2.84,2,2
DDH015,5000.94,6160.54,1155.65,44.0,45.0,1.0,0.644,3.09,2,2
DDH015,5001.49,6160.55,1154.65,45.0,46.0,1.0,7.793,44.26,2,1
DDH015,5000.22,6157.93,1153.65,46.0,47.5,1.5,1.71,7.66,2,1
DDH015,5000.83,6159.08,1152.15,47.5,48.5,1.0,1.387,7.6,2,2
DDH015,4999.32,6160.06,1151.15,48.5,50.0,1.5,2.152,13.74,2,2
DDH015,5000.11,6159.52,1149.65,50.0,52.0,2.0,0.592,5.64,2,2
DDH015,4999.88,6157.79,1147.65,52.0,53.5,1.5,2.049,6.79,2,1
DDH015,5001.21,6158.42,1146.15,53.5,55.5,2.0,2.233,9.13,2,2
DDH015,4998.27,6158.46,1144.15,55.5,56.5,1.0,0.537,3.39,2,1
DDH015,5000.78,6160.45,1143.15,56.5,58.0,1.5,0.975,6.01,2,2
DDH015,5001.08,6158.34,1141.65,58.0,59.5,1.5,2.858,15.73,2,1
DDH015,4999.55,6158.81,1140.15,59.5,60.5,1.0,1.758,7.87,2,2
DDH015,4999.21,6159.92,1139.15,60.5,61.5,1.0,0.477,2.86,3,1
DDH015,5001.74,6159.44,1138.15,61.5,63.5,2.0,0.242,1.72,3,1
DDH015,5000.34,6160.72,1136.15,63.5,65.0,1.5,0.427,3.21,3,2
DDH015,5000.78,6160.34,1134.65,65.0,66.5,1.5,0.387,3.2,3,2
DDH015,4999.78,6158.97,1133.15,66.5,67.5,1.0,1.272,7.29,3,2
DDH015,4998.98,6159.92,1132.15,67.5,69.5,2.0,0.524,2.95,3,2
DDH015,5002.38,6160.82,1130.15,69.5,71.0,1.5,0.723,6.3,3,1
DDH015,5000.8,6157.81,1128.65,71.0,72.0,1.0,0.938,5.27,3,1
DDH015,5000.9,6159.99,1127.65,72.0,73.0,1.0,0.179,1.25,3,1
DDH015,4999.13,6160.38,1126.65,73.0,74.0,1.0,0.452,3.81,3,1
DDH015,4999.9,6160.18,1125.65,74.0,76.0,2.0,4.147,15.21,3,1
DDH016,5051.59,6152.16,1203.26,0.0,1.5,1.5,0.542,3.06,1,2
DDH016,5052.8,6149.05,1201.76,1.5,3.0,1.5,0.292,4.47,1,2
DDH016,5052.3,6149.95,1200.26,3.0,5.0,2.0,0.281,3.46,1,2
DDH016,5051.27,6151.43,1198.26,5.0,6.0,1.0,0.329,2.96,1,2
DDH016,5051.0,6149.0,1197.26,6.0,8.0,2.0,0.328,3.48,1,2
DDH016,5049.76,6149.97,1195.26,8.0,10.0,2.0,0.299,2.5,1,1
DDH016,5052.71,6149.03,1193.26,10.0,11.5,1.5,0.058,0.93,1,2
DDH016,5052.51,6149.47,1191.76,11.5,12.5,1.0,0.438,3.28,1,2
DDH016,5052.86,6150.54,1190.76,12.5,14.0,1.5,0.701,4.33,1,1
DDH016,5052.23,6149.6,1189.26,14.0,16.0,2.0,0.172,1.05,1,2
DDH016,5052.1,6149.03,1187.26,16.0,17.5,1.5,0.569,3.14,1,1
DDH016,5050.41,6149.73,1185.76,17.5,19.5,2.0,0.505,4.0,1,1
DDH016,5052.6,6150.79,1183.76,19.5,20.5,1.0,0.098,0.93,1,1
DDH016,5051.93,6147.04,1182.76,20.5,22.5,2.0,0.042,1.62,1,1
DDH016,5051.23,6149.04,1180.76,22.5,24.5,2.0,42.95,2.31,1,2
DDH016,5052.37,6150.52,1178.76,24.5,26.5,2.0,1.108,3.97,1,2
DDH016,5051.68,6150.23,1176.76,26.5,28.5,2.0,0.398,2.7,1,1
DDH016,5052.35,6149.63,1174.76,28.5,30.5,2.0,0.014,1.42,1,1
DDH016,5052.27,6148.84,1172.76,30.5,32.0,1.5,1.974,11.0,2,2
DDH016,5052.71,6149.88,1171.26,32.0,34.0,2.0,0.971,7.76,2,1
DDH016,5053.41,6148.03,1169.26,34.0,35.0,1.0,1.144,8.9,2,1
DDH016,5052.15,6149.44,1168.26,35.0,37.0,2.0,1.269,6.97,2,1
DDH016,5051.55,6150.06,1166.26,37.0,38.0,1.0,2.069,8.73,2,1
DDH016,5051.85,6150.29,1165.26,38.0,39.0,1.0,8.178,46.35,2,1
DDH016,5050.77,6149.3,1164.26,39.0,40.0,1.0,1.769,11.95,2,2
DDH016,5051.36,6151.39,1163.26,40.0,41.0,1.0,8.952,40.64,2,1
DDH016,5050.8,6149.69,1162.26,41.0,42.5,1.5,0.605,5.26,2,1
DDH016,5051.37,6150.52,1160.76,42.5,43.5,1.0,3.195,11.93,2,2
DDH016,5051.01,6148.56,1159.76,43.5,44.5,1.0,0.589,3.82,2,1
DDH016,5051.44,6149.13,1158.76,44.5,45.5,1.0,0.507,3.08,2,2
DDH016,5051.87,6148.9,1157.76,45.5,47.0,1.5,0.859,7.51,2,2
DDH016,5050.96,6150.73,1156.26,47.0,49.0,2.0,0.749,3.61,2,2
DDH016,5051.04,6149.8,1154.26,49.0,50.5,1.5,0.997,5.33,2,2
DDH016,5052.48,6149.04,1152.76,50.5,52.5,2.0,0.637,2.42,2,1
DDH016,5053.76,6148.95,1150.76,52.5,54.0,1.5,3.311,19.74,2,2
DDH016,5052.06,6150.01,1149.26,54.0,56.0,2.0,1.361,9.63,2,2
DDH016,5050.81,6151.35,1147.26,56.0,58.0,2.0,2.104,7.12,2,2
DDH016,5051.2,6148.45,1145.26,58.0,59.5,1.5,0.851,3.49,2,2
DDH016,5052.2,6150.0,1143.76,59.5,61.5,2.0,1.252,8.71,2,2
DDH016,5051.81,6150.81,1141.76,61.5,62.5,1.0,0.403,4.51,3,2
DDH016,5052.18,6150.46,1140.76,62.5,64.5,2.0,0.917,5.28,3,2
DDH016,5052.46,6150.16,1138.76,64.5,66.0,1.5,0.657,3.57,3,2
DDH016,5053.54,6150.6,1137.26,66.0,68.0,2.0,1.22,5.38,3,2
DDH016,5051.0,6149.68,1135.26,68.0,70.0,2.0,0.582,1.45,3,2
DDH016,5050.85,6150.06,1133.26,70.0,71.5,1.5,0.561,3.42,3,1
DDH016,5049.67,6149.34,1131.76,71.5,72.5,1.0,0.39,5.66,3,2
DDH016,5051.86,6149.46,1130.76,72.5,73.5,1.0,0.222,3.21,3,1
DDH016,5052.16,6150.49,1129.76,73.5,75.0,1.5,0.409,3.9,3,1
DDH016,5052.16,6150.24,1128.26,75.0,77.0,2.0,0.175,2.14,3,1
DDH016,5052.76,6148.75,1126.26,77.0,78.5,1.5,2.24,13.42,3,1
DDH016,5053.51,6150.94,1124.76,78.5,80.0,1.5,0.528,3.37,3,2
DDH016,5053.51,6149.93,1123.26,80.0,81.5,1.5,0.184,1.77,3,1
DDH016,5051.67,6150.45,1121.76,81.5,83.0,1.5,2.351,10.05,3,2
DDH016,5051.56,6150.96,1120.26,83.0,84.0,1.0,0.139,1.72,3,1
DDH016,5050.59,6149.75,1119.26,84.0,85.5,1.5,0.596,4.79,3,1
DDH016,5052.64,6149.64,1117.76,85.5,87.0,1.5,0.757,2.71,3,1
DDH016,5051.46,6149.31,1116.26,87.0,89.0,2.0,0.203,2.93,3,2
DDH016,5052.88,6149.27,1114.26,89.0,91.0,2.0,0.649,3.36,3,1
DDH016,5051.84,6149.8,1112.26,91.0,93.0,2.0,2.663,17.53,3,1
DDH016,5049.55,6151.61,1110.26,93.0,94.5,1.5,0.442,3.65,3,2
DDH016,5051.24,6151.2,1108.76,94.5,96.5,2.0,0.758,6.21,3,2
DDH017,5095.12,6152.7,1198.05,0.0,2.0,2.0,0.709,2.91,1,2
DDH017,5096.05,6154.99,1196.05,2.0,3.5,1.5,0.052,0.74,1,2
DDH017,5095.93,6153.75,1194.55,3.5,4.5,1.0,0.264,1.76,1,1
DDH017,5097.1,6153.47,1193.55,4.5,5.5,1.0,0.503,1.79,1,1
DDH017,5098.28,6152.32,1192.55,5.5,7.0,1.5,1.396,8.56,1,1
DDH017,5097.67,6154.46,1191.05,7.0,8.0,1.0,0.139,1.49,1,2
DDH017,5096.74,6155.94,1190.05,8.0,10.0,2.0,0.102,1.23,1,1
DDH017,5095.87,6152.75,1188.05,10.0,11.0,1.0,0.077,0.99,1,1
DDH017,5095.97,6153.25,1187.05,11.0,12.0,1.0,0.519,3.44,1,2
DDH017,5096.72,6154.02,1186.05,12.0,13.0,1.0,0.127,1.53,1,1
DDH017,5095.6,6152.69,1185.05,13.0,15.0,2.0,0.191,1.97,1,2
DDH017,5098.33,6154.1,1183.05,15.0,17.0,2.0,0.103,1.88,1,2
DDH017,5097.25,6155.9,1181.05,17.0,18.0,1.0,0.034,1.26,1,2
DDH017,5096.98,6153.01,1180.05,18.0,20.0,2.0,0.452,3.28,1,2
DDH017,5097.17,6152.06,1178.05,20.0,21.5,1.5,0.308,3.57,1,1
DDH017,5097.9,6153.98,1176.55,21.5,22.5,1.0,0.287,1.83,1,2
DDH017,5097.39,6155.29,1175.55,22.5,24.5,2.0,0.062,2.03,1,1
DDH017,5097.61,6153.4,1173.55,24.5,25.5,1.0,0.413,4.59,1,2
DDH017,5096.12,6154.16,1172.55,25.5,26.5,1.0,0.281,3.0,1,1
DDH017,5098.96,6155.18,1171.55,26.5,28.0,1.5,0.176,2.25,1,2
DDH017,5096.24,6153.71,1170.05,28.0,29.0,1.0,0.218,2.58,1,1
DDH017,5094.95,6154.4,1169.05,29.0,30.0,1.0,0.613,4.06,1,2
DDH017,5096.58,6153.14,1168.05,30.0,32.0,2.0,0.821,4.83,2,2
DDH017,5097.41,6153.61,1166.05,32.0,33.0,1.0,1.032,8.71,2,2
DDH017,5096.45,6153.94,1165.05,33.0,35.0,2.0,3.633,29.75,2,2
DDH017,5097.27,6152.08,1163.05,35.0,36.5,1.5,4.113,23.47,2,2
DDH017,5097.35,6153.3,1161.55,36.5,38.5,2.0,0.409,2.44,2,2
DDH017,5096.39,6154.22,1159.55,38.5,40.5,2.0,0.366,3.14,2,1
DDH017,5096.18,6153.53,1157.55,40.5,41.5,1.0,1.095,3.57,2,1
DDH017,5095.48,6152.14,1156.55,41.5,43.0,1.5,0.797,5.36,2,1
DDH017,5095.8,6152.38,1155.05,43.0,44.5,1.5,0.716,4.2,2,2
DDH017,5096.14,6153.28,1153.55,44.5,46.5,2.0,1.491,4.29,2,1
DDH017,5096.67,6152.75,1151.55,46.5,48.5,2.0,3.304,14.66,2,2
DDH017,5097.9,6151.9,1149.55,48.5,50.0,1.5,0.141,1.96,2,1
DDH017,5098.08,6152.32,1148.05,50.0,52.0,2.0,3.122,8.39,2,2
DDH017,5097.08,6152.97,1146.05,52.0,53.5,1.5,0.745,6.49,2,1
DDH017,5097.97,6152.74,1144.55,53.5,55.0,1.5,0.293,3.22,2,2
DDH017,5098.17,6153.06,1143.05,55.0,56.5,1.5,3.734,9.59,2,2
DDH017,5097.14,6153.82,1141.55,56.5,58.0,1.5,1.468,8.41,2,2
DDH017,5096.78,6154.15,1140.05,58.0,59.0,1.0,3.07,22.99,2,1
DDH017,5096.59,6153.74,1139.05,59.0,61.0,2.0,3.326,22.09,2,1
DDH017,5097.49,6153.86,1137.05,61.0,62.5,1.5,0.35,2.44,3,1
DDH017,5097.17,6153.57,1135.55,62.5,64.5,2.0,0.242,1.88,3,2
DDH017,5095.63,6155.82,1133.55,64.5,65.5,1.0,1.454,4.24,3,1
DDH017,5097.58,6153.54,1132.55,65.5,67.5,2.0,0.692,4.25,3,2
DDH017,5096.19,6155.4,1130.55,67.5,69.5,2.0,3.599,19.91,3,1
DDH017,5097.96,6153.41,1128.55,69.5,70.5,1.0,0.398,1.47,3,2
DDH017,5097.08,6154.59,1127.55,70.5,72.0,1.5,0.777,4.33,3,1
DDH017,5096.36,6154.44,1126.05,72.0,74.0,2.0,0.761,5.01,3,1
DDH017,5096.56,6155.27,1124.05,74.0,75.0,1.0,0.125,1.7,3,2
DDH017,5096.13,6153.8,1123.05,75.0,76.0,1.0,1.546,4.71,3,2
DDH017,5097.48,6154.25,1122.05,76.0,78.0,2.0,0.131,1.45,3,2
DDH018,5147.21,6153.93,1199.45,0.0,2.0,2.0,0.144,1.0,1,1
DDH018,5147.01,6152.39,1197.45,2.0,3.5,1.5,0.224,3.81,1,2
DDH018,5147.59,6151.72,1195.95,3.5,5.5,2.0,0.405,1.97,1,2
DDH018,5147.27,6151.44,1193.95,5.5,7.5,2.0,0.213,2.92,1,2
DDH018,5149.33,6153.07,1191.95,7.5,9.5,2.0,0.041,1.83,1,1
DDH018,5146.9,6154.46,1189.95,9.5,11.5,2.0,0.151,4.0,1,2
DDH018,5147.01,6152.28,1187.95,11.5,13.5,2.0,0.047,1.01,1,2
DDH018,5147.71,6152.34,1185.95,13.5,14.5,1.0,0.316,2.1,1,2
DDH018,5147.42,6152.91,1184.95,14.5,15.5,1.0,0.087,1.67,1,2
DDH018,5146.49,6152.12,1183.95,15.5,17.5,2.0,0.519,3.57,1,1
DDH018,5145.44,6152.11,1181.95,17.5,19.0,1.5,0.145,1.64,1,1
DDH018,5147.47,6153.08,1180.45,19.0,20.0,1.0,0.091,0.78,1,2
DDH018,5146.31,6153.54,1179.45,20.0,22.0,2.0,0.151,1.25,1,2
DDH018,5148.45,6152.74,1177.45,22.0,24.0,2.0,0.383,1.3,1,2
DDH018,5147.46,6152.03,1175.45,24.0,26.0,2.0,0.316,2.93,1,1
DDH018,5146.47,6152.11,1173.45,26.0,27.0,1.0,0.054,3.02,1,2
DDH018,5147.94,6151.65,1172.45,27.0,28.0,1.0,0.302,3.15,1,1
DDH018,5150.33,6153.4,1171.45,28.0,29.5,1.5,0.468,2.9,1,2
DDH018,5148.8,6153.82,1169.95,29.5,30.5,1.0,0.101,2.4,1,2
DDH018,5145.61,6152.58,1168.95,30.5,31.5,1.0,0.482,3.77,2,1
DDH018,5146.11,6152.24,1167.95,31.5,33.0,1.5,3.364,17.23,2,1
DDH018,5147.97,6153.45,1166.45,33.0,35.0,2.0,0.246,1.82,2,2
DDH018,5147.22,6151.87,1164.45,35.0,36.5,1.5,2.538,15.86,2,2
DDH018,5146.1,6153.25,1162.95,36.5,37.5,1.0,8.827,37.65,2,2
DDH018,5148.02,6154.12,1161.95,37.5,39.5,2.0,2.099,9.05,2,1
DDH018,5147.2,6153.81,1159.95,39.5,41.0,1.5,0.665,5.29,2,1
DDH018,5146.33,6151.53,1158.45,41.0,43.0,2.0,1.436,12.13,2,2
DDH018,5147.23,6152.03,1156.45,43.0,44.5,1.5,4.36,20.53,2,2
DDH018,5147.59,6152.17,1154.95,44.5,46.0,1.5,2.834,20.38,2,2
DDH018,5145.16,6152.6,1153.45,46.0,47.0,1.0,3.917,29.02,2,1
DDH018,5147.12,6153.97,1152.45,47.0,48.0,1.0,0.378,2.63,2,2
DDH018,5147.48,6152.74,1151.45,48.0,49.5,1.5,0.717,6.76,2,2
DDH018,5147.89,6153.24,1149.95,49.5,51.0,1.5,6.813,42.23,2,1
DDH018,5147.21,6150.33,1148.45,51.0,52.0,1.0,4.13,29.09,2,1
DDH018,5147.6,6152.31,1147.45,52.0,53.5,1.5,0.818,8.32,2,2
DDH018,5147.09,6153.21,1145.95,53.5,55.5,2.0,1.948,11.26,2,1
DDH018,5146.59,6152.48,1143.95,55.5,57.5,2.0,1.416,11.52,2,1
DDH018,5146.54,6154.16,1141.95,57.5,59.0,1.5,1.115,9.38,2,2
DDH018,5147.03,6151.72,1140.45,59.0,60.5,1.5,7.416,29.63,2,1
DDH018,5146.84,6153.34,1138.95,60.5,62.0,1.5,1.008,6.66,3,2
DDH018,5148.62,6153.49,1137.45,62.0,63.0,1.0,0.246,2.49,3,2
DDH018,5148.7,6150.92,1136.45,63.0,64.0,1.0,0.354,1.99,3,2
DDH018,5147.71,6152.78,1135.45,64.0,65.0,1.0,0.253,2.68,3,1
DDH018,5148.28,6152.03,1134.45,65.0,66.0,1.0,0.761,5.64,3,1
DDH018,5148.25,6150.76,1133.45,66.0,68.0,2.0,0.137,2.02,3,1
DDH018,5148.38,6151.81,1131.45,68.0,70.0,2.0,0.169,2.37,3,1
DDH018,5148.05,6152.09,1129.45,70.0,71.5,1.5,1.529,10.12,3,1
DDH018,5147.05,6153.06,1127.95,71.5,73.5,2.0,1.05,4.12,3,1
DDH018,5149.38,6150.84,1125.95,73.5,75.0,1.5,0.243,2.36,3,1
DDH018,5146.42,6151.76,1124.45,75.0,76.0,1.0,0.169,1.21,3,1
DDH018,5145.76,6153.07,1123.45,76.0,77.5,1.5,0.601,2.27,3,2
DDH018,5147.06,6153.64,1121.95,77.5,78.5,1.0,1.278,8.19,3,1
DDH018,5146.06,6151.62,1120.95,78.5,80.0,1.5,0.375,4.77,3,1
DDH018,5147.99,6152.9,1119.45,80.0,81.0,1.0,0.085,1.85,3,1
DDH018,5147.58,6153.15,1118.45,81.0,82.5,1.5,0.173,1.62,3,1
DDH018,5146.62,6152.82,1116.95,82.5,84.0,1.5,0.628,2.37,3,1
DDH018,5147.73,6153.23,1115.45,84.0,85.5,1.5,0.573,3.85,3,2
DDH018,5148.51,6153.15,1113.95,85.5,87.0,1.5,0.822,5.87,3,2
DDH018,5146.37,6152.09,1112.45,87.0,88.0,1.0,2.504,6.65,3,2
DDH018,5147.45,6151.74,1111.45,88.0,89.0,1.0,0.373,3.59,3,2
DDH018,5144.87,6151.25,1110.45,89.0,90.5,1.5,0.862,3.44,3,1
DDH018,5145.87,6152.52,1108.95,90.5,92.0,1.5,0.48,3.78,3,2
DDH018,5146.47,6151.94,1107.45,92.0,93.0,1.0,0.645,3.21,3,2
DDH018,5146.11,6153.02,1106.45,93.0,94.0,1.0,0.481,3.75,3,1
DDH018,5145.68,6152.8,1105.45,94.0,96.0,2.0,0.218,2.4,3,1
DDH018,5147.7,6152.3,1103.45,96.0,97.5,1.5,0.366,1.72,3,1
DDH018,5144.88,6152.91,1101.95,97.5,99.0,1.5,0.62,4.98,3,2
DDH018,5145.89,6152.28,1100.45,99.0,100.5,1.5,0.506,5.11,3,2
DDH018,5146.09,6153.06,1098.95,100.5,102.0,1.5,2.102,10.09,3,1
DDH018,5147.26,6152.59,1097.45,102.0,104.0,2.0,0.744,3.28,3,1
DDH018,5149.58,6152.79,1095.45,104.0,105.0,1.0,0.267,4.16,3,1
DDH018,5145.88,6152.22,1094.45,105.0,107.0,2.0,0.224,3.51,3,2
DDH018,5147.71,6153.47,1092.45,107.0,108.5,1.5,0.978,7.72,3,2
DDH018,5148.12,6152.73,1090.95,108.5,110.0,1.5,0.647,5.77,3,2
DDH019,5201.46,6157.58,1196.84,0.0,1.0,1.0,0.134,1.23,1,2
DDH019,5202.77,6157.32,1195.84,1.0,3.0,2.0,0.517,5.1,1,2
DDH019,5203.79,6158.14,1193.84,3.0,4.5,1.5,0.289,3.18,1,1
DDH019,5202.55,6157.74,1192.34,4.5,6.5,2.0,0.206,2.2,1,1
DDH019,5203.9,6158.28,1190.34,6.5,8.5,2.0,0.511,2.29,1,1
DDH019,5202.92,6160.05,1188.34,8.5,10.5,2.0,0.203,2.35,1,1
DDH019,5203.68,6157.91,1186.34,10.5,11.5,1.0,0.405,2.18,1,1
DDH019,5204.37,6155.51,1185.34,11.5,12.5,1.0,0.537,3.99,1,1
DDH019,5200.1,6157.96,1184.34,12.5,14.5,2.0,0.018,1.12,1,2
DDH019,5200.59,6158.2,1182.34,14.5,16.0,1.5,0.31,2.75,1,1
DDH019,5201.61,6155.92,1180.84,16.0,17.0,1.0,0.617,3.42,1,1
DDH019,5203.05,6156.96,1179.84,17.0,19.0,2.0,0.318,3.66,1,2
DDH019,5202.62,6157.89,1177.84,19.0,21.0,2.0,0.039,1.26,1,1
DDH019,5202.36,6157.83,1175.84,21.0,22.0,1.0,0.176,2.44,1,2
DDH019,5202.84,6157.54,1174.84,22.0,23.5,1.5,0.125,1.54,1,2
DDH019,5202.83,6157.74,1173.34,23.5,25.0,1.5,0.166,1.45,1,2
DDH019,5201.58,6156.52,1171.84,25.0,26.5,1.5,0.138,1.39,1,1
DDH019,5201.56,6159.32,1170.34,26.5,27.5,1.0,0.886,5.07,1,1
DDH019,5204.65,6157.76,1169.34,27.5,29.5,2.0,0.175,2.44,1,1
DDH019,5203.6,6158.11,1167.34,29.5,31.0,1.5,0.129,1.8,1,2
DDH019,5202.88,6157.68,1165.84,31.0,32.5,1.5,0.609,3.87,2,1
DDH019,5205.02,6156.0,1164.34,32.5,34.0,1.5,3.256,9.68,2,2
DDH019,5202.92,6157.66,1162.84,34.0,36.0,2.0,1.481,5.03,2,1
DDH019,5202.65,6155.8,1160.84,36.0,37.0,1.0,1.514,9.57,2,1
DDH019,5202.48,6158.88,1159.84,37.0,38.5,1.5,4.19,29.49,2,2
DDH019,5203.11,6155.73,1158.34,38.5,40.5,2.0,1.102,4.25,2,2
DDH019,5203.11,6158.03,1156.34,40.5,42.0,1.5,2.972,19.99,2,2
DDH019,5202.32,6157.9,1154.84,42.0,43.5,1.5,0.29,2.13,2,1
DDH019,5202.69,6156.66,1153.34,43.5,45.5,2.0,4.077,32.44,2,2
DDH019,5203.02,6156.91,1151.34,45.5,47.5,2.0,1.993,8.72,2,2
DDH019,5204.1,6157.41,1149.34,47.5,48.5,1.0,1.091,3.87,2,1
DDH019,5203.56,6160.05,1148.34,48.5,50.5,2.0,4.408,17.52,2,2
DDH019,5201.85,6157.23,1146.34,50.5,52.0,1.5,1.657,7.87,2,2
DDH019,5204.22,6158.05,1144.84,52.0,53.5,1.5,0.514,3.44,2,2
DDH019,5202.48,6157.07,1143.34,53.5,55.5,2.0,0.775,7.12,2,1
DDH019,5202.66,6156.73,1141.34,55.5,57.0,1.5,0.61,5.47,2,1
DDH019,5203.57,6157.2,1139.84,57.0,59.0,2.0,0.977,8.27,2,2
DDH019,5201.44,6159.4,1137.84,59.0,60.5,1.5,0.628,3.01,2,1
DDH019,5202.04,6157.78,1136.34,60.5,62.5,2.0,0.752,5.03,3,2
DDH019,5201.12,6157.66,1134.34,62.5,64.0,1.5,0.667,2.46,3,1
DDH019,5204.98,6157.12,1132.84,64.0,65.5,1.5,0.082,1.94,3,1
DDH019,5201.64,6157.34,1131.34,65.5,66.5,1.0,0.166,2.23,3,1
DDH019,5201.03,6156.93,1130.34,66.5,67.5,1.0,28.56,4.42,3,1
DDH019,5203.18,6158.47,1129.34,67.5,69.5,2.0,0.445,4.38,3,1
DDH019,5203.52,6158.16,1127.34,69.5,71.0,1.5,0.75,4.86,3,2
DDH019,5202.43,6158.65,1125.84,71.0,72.5,1.5,0.211,3.05,3,1
DDH019,5202.93,6156.9,1124.34,72.5,74.5,2.0,1.322,9.73,3,2
DDH019,5204.47,6157.69,1122.34,74.5,76.5,2.0,0.347,3.73,3,1
DDH019,5203.56,6157.01,1120.34,76.5,78.0,1.5,0.527,3.56,3,2
DDH019,5202.09,6157.46,1118.84,78.0,80.0,2.0,1.423,12.71,3,1
DDH019,5204.43,6158.41,1116.84,80.0,82.0,2.0,0.909,7.77,3,2
DDH019,5203.64,6157.54,1114.84,82.0,84.0,2.0,0.947,7.2,3,1
DDH019,5202.91,6157.56,1112.84,84.0,85.0,1.0,0.755,3.75,3,1
DDH019,5202.21,6157.56,1111.84,85.0,87.0,2.0,0.388,4.05,3,2
DDH019,5202.66,6158.08,1109.84,87.0,89.0,2.0,0.856,8.33,3,2
DDH019,5202.59,6157.96,1107.84,89.0,90.5,1.5,0.723,5.98,3,2
DDH019,5201.25,6156.25,1106.34,90.5,91.5,1.0,0.361,5.32,3,1
DDH019,5202.62,6158.04,1105.34,91.5,92.5,1.0,0.409,4.42,3,1
DDH019,5201.29,6156.39,1104.34,92.5,93.5,1.0,0.361,2.53,3,1
DDH019,5200.97,6158.17,1103.34,93.5,95.5,2.0,0.56,3.44,3,1
DDH019,5201.56,6158.56,1101.34,95.5,96.5,1.0,1.353,7.06,3,2
DDH019,5202.88,6157.3,1100.34,96.5,98.0,1.5,0.058,0.86,3,1
DDH019,5203.69,6157.1,1098.84,98.0,99.5,1.5,0.198,1.12,3,1
DDH019,5203.67,6156.71,1097.34,99.5,100.5,1.0,1.888,7.84,3,2
DDH019,5202.63,6157.31,1096.34,100.5,102.5,2.0,0.501,5.11,3,2
DDH019,5201.89,6156.96,1094.34,102.5,104.0,1.5,1.454,3.73,3,2
DDH019,5203.16,6155.03,1092.84,104.0,105.0,1.0,0.229,1.8,3,1
DDH019,5201.96,6155.39,1091.84,105.0,106.5,1.5,0.389,3.57,3,1
DDH019,5200.98,6157.73,1090.34,106.5,107.5,1.0,0.559,2.35,3,1
DDH019,5202.4,6158.37,1089.34,107.5,109.5,2.0,0.539,4.18,3,2
DDH019,5201.03,6157.32,1087.34,109.5,110.5,1.0,0.031,0.82,3,2
DDH019,5202.5,6156.64,1086.34,110.5,112.5,2.0,0.103,1.95,3,2
DDH019,5202.29,6157.41,1084.34,112.5,114.0,1.5,1.131,6.28,3,1
DDH019,5202.95,6157.6,1082.84,114.0,116.0,2.0,0.394,2.95,3,2
DDH019,5204.07,6158.95,1080.84,116.0,117.5,1.5,0.97,8.89,3,2
DDH020,5004.08,6198.43,1198.09,0.0,1.5,1.5,0.364,2.62,1,2
DDH020,5002.83,6197.96,1196.59,1.5,3.5,2.0,0.067,1.44,1,2
DDH020,5000.75,6200.48,1194.59,3.5,5.5,2.0,0.194,2.12,1,1
DDH020,5001.72,6199.59,1192.59,5.5,6.5,1.0,0.399,1.74,1,2
DDH020,5003.59,6198.85,1191.59,6.5,8.5,2.0,0.102,1.51,1,1
DDH020,5000.87,6197.16,1189.59,8.5,10.0,1.5,0.426,1.97,1,2
DDH020,5004.0,6197.6,1188.09,10.0,11.0,1.0,0.29,1.74,1,2
DDH020,5002.31,6197.39,1187.09,11.0,12.0,1.0,0.061,0.79,1,1
DDH020,5003.76,6197.81,1186.09,12.0,13.5,1.5,0.065,1.72,1,1
DDH020,5002.41,6199.51,1184.59,13.5,15.5,2.0,0.07,0.93,1,2
DDH020,5001.62,6197.78,1182.59,15.5,16.5,1.0,0.105,1.58,1,2
DDH020,5001.69,6200.94,1181.59,16.5,18.0,1.5,1.07,9.09,1,1
DDH020,5002.09,6197.79,1180.09,18.0,20.0,2.0,0.117,1.75,1,1
DDH020,5001.47,6198.05,1178.09,20.0,22.0,2.0,0.824,2.59,1,1
DDH020,5001.66,6197.04,1176.09,22.0,24.0,2.0,0.55,3.94,1,1
DDH020,5001.74,6198.35,1174.09,24.0,25.5,1.5,0.347,3.48,1,1
DDH020,5001.93,6197.43,1172.59,25.5,27.5,2.0,0.498,4.95,1,1
DDH020,5002.3,6200.45,1170.59,27.5,28.5,1.0,0.197,3.55,1,1
DDH020,5001.27,6196.43,1169.59,28.5,30.0,1.5,0.526,4.36,1,1
DDH020,5001.74,6200.26,1168.09,30.0,32.0,2.0,0.837,5.86,2,1
DDH020,5002.94,6198.78,1166.09,32.0,33.0,1.0,0.335,1.58,2,1
DDH020,5002.5,6199.16,1165.09,33.0,34.0,1.0,1.593,10.51,2,2
DDH020,5000.1,6198.18,1164.09,34.0,36.0,2.0,1.405,12.04,2,1
DDH020,5001.98,6195.88,1162.09,36.0,38.0,2.0,6.959,31.43,2,2
DDH020,5001.57,6199.5,1160.09,38.0,40.0,2.0,1.542,7.42,2,2
DDH020,5001.72,6198.32,1158.09,40.0,41.5,1.5,1.834,15.72,2,2
DDH020,5001.73,6198.04,1156.59,41.5,43.5,2.0,0.452,3.55,2,2
DDH020,5002.09,6199.98,1154.59,43.5,44.5,1.0,3.201,12.34,2,2
DDH020,5000.32,6199.9,1153.59,44.5,46.0,1.5,1.7,9.67,2,1
DDH020,5003.16,6199.49,1152.09,46.0,47.5,1.5,3.756,20.71,2,1
DDH020,5001.29,6199.4,1150.59,47.5,49.5,2.0,2.96,12.17,2,1
DDH020,5002.71,6198.52,1148.59,49.5,51.0,1.5,5.678,34.8,2,2
DDH020,5001.82,6198.5,1147.09,51.0,52.5,1.5,1.452,12.13,2,1
DDH020,5001.71,6198.32,1145.59,52.5,54.5,2.0,1.364,8.57,2,1
DDH020,5001.92,6198.01,1143.59,54.5,55.5,1.0,0.587,3.51,2,2
DDH020,5001.45,6200.31,1142.59,55.5,56.5,1.0,6.026,47.49,2,1
DDH020,5001.38,6198.71,1141.59,56.5,58.0,1.5,1.172,7.05,2,1
DDH020,5000.97,6197.93,1140.09,58.0,59.0,1.0,0.525,4.39,2,1
DDH020,5000.8,6198.92,1139.09,59.0,61.0,2.0,1.116,3.79,2,2
DDH020,4999.92,6199.03,1137.09,61.0,62.0,1.0,0.418,3.07,3,1
DDH020,5003.59,6199.47,1136.09,62.0,63.5,1.5,0.402,3.48,3,2
DDH020,5000.79,6198.77,1134.59,63.5,65.5,2.0,0.746,6.61,3,1
DDH020,5001.09,6197.95,1132.59,65.5,66.5,1.0,1.363,9.36,3,2
DDH020,5000.08,6197.24,1131.59,66.5,68.5,2.0,0.493,3.52,3,1
DDH020,5001.23,6198.25,1129.59,68.5,70.5,2.0,1.086,5.83,3,2
DDH020,5004.05,6196.73,1127.59,70.5,71.5,1.0,1.096,4.28,3,2
DDH020,5003.17,6198.57,1126.59,71.5,73.5,2.0,1.403,12.48,3,1
DDH020,5001.42,6197.57,1124.59,73.5,74.5,1.0,2.192,9.93,3,1
DDH021,5054.45,6194.16,1199.24,0.0,1.0,1.0,0.287,3.22,1,1
DDH021,5053.1,6191.52,1198.24,1.0,2.5,1.5,0.815,2.57,1,2
DDH021,5054.92,6192.9,1196.74,2.5,3.5,1.0,0.314,3.12,1,1
DDH021,5056.07,6193.5,1195.74,3.5,5.0,1.5,0.391,1.5,1,1
DDH021,5054.07,6195.21,1194.24,5.0,6.0,1.0,0.397,3.8,1,1
DDH021,5055.62,6194.29,1193.24,6.0,7.0,1.0,0.905,4.96,1,2
DDH021,5054.63,6193.18,1192.24,7.0,8.5,1.5,0.587,5.88,1,2
DDH021,5053.94,6194.75,1190.74,8.5,9.5,1.0,0.163,1.9,1,1
DDH021,5054.22,6193.28,1189.74,9.5,10.5,1.0,1.504,9.37,1,2
DDH021,5054.49,6192.25,1188.74,10.5,11.5,1.0,0.413,3.08,1,1
DDH021,5056.37,6191.64,1187.74,11.5,12.5,1.0,0.078,3.11,1,1
DDH021,5055.27,6193.13,1186.74,12.5,14.0,1.5,0.326,1.89,1,2
DDH021,5053.86,6193.86,1185.24,14.0,15.0,1.0,0.178,1.26,1,2
DDH021,5054.7,6193.98,1184.24,15.0,16.0,1.0,0.094,0.97,1,2
DDH021,5056.64,6193.21,1183.24,16.0,18.0,2.0,0.178,1.73,1,1
DDH021,5056.25,6193.0,1181.24,18.0,19.5,1.5,0.168,1.77,1,1
DDH021,5052.21,6193.35,1179.74,19.5,21.5,2.0,0.205,1.79,1,1
DDH021,5056.13,6192.88,1177.74,21.5,23.0,1.5,0.85,4.48,1,2
DDH021,5055.23,6193.35,1176.24,23.0,24.0,1.0,0.266,2.72,1,1
DDH021,5055.49,6193.31,1175.24,24.0,25.0,1.0,0.597,6.33,1,2
DDH021,5056.51,6193.13,1174.24,25.0,27.0,2.0,0.206,3.41,1,1
DDH021,5054.56,6193.47,1172.24,27.0,29.0,2.0,0.833,4.06,1,1
DDH021,5054.51,6194.04,1170.24,29.0,30.5,1.5,0.123,1.4,1,1
DDH021,5054.96,6191.91,1168.74,30.5,31.5,1.0,3.571,23.11,2,1
DDH021,5055.6,6193.39,1167.74,31.5,32.5,1.0,1.702,6.72,2,1
DDH021,5054.84,6191.04,1166.74,32.5,34.5,2.0,0.605,2.6,2,2
DDH021,5054.54,6194.87,1164.74,34.5,35.5,1.0,1.194,9.67,2,1
DDH021,5054.12,6192.37,1163.74,35.5,36.5,1.0,0.901,5.6,2,2
DDH021,5055.0,6191.17,1162.74,36.5,38.5,2.0,1.022,5.06,2,2
DDH021,5056.14,6194.59,1160.74,38.5,40.5,2.0,3.258,25.33,2,2
DDH021,5054.33,6193.25,1158.74,40.5,41.5,1.0,2.952,16.56,2,1
DDH021,5055.3,6193.0,1157.74,41.5,43.0,1.5,2.134,5.44,2,1
DDH021,5055.3,6193.36,1156.24,43.0,44.5,1.5,0.403,1.99,2,1
DDH021,5055.09,6194.24,1154.74,44.5,46.0,1.5,2.937,15.18,2,1
DDH021,5054.59,6192.84,1153.24,46.0,47.5,1.5,2.093,8.8,2,1
DDH021,5053.71,6192.0,1151.74,47.5,49.0,1.5,6.137,50.36,2,2
DDH021,5055.56,6194.2,1150.24,49.0,50.0,1.0,1.12,7.7,2,1
DDH021,5052.05,6192.18,1149.24,50.0,51.0,1.0,1.44,10.62,2,2
DDH021,5054.23,6193.21,1148.24,51.0,52.0,1.0,0.562,3.39,2,2
DDH021,5054.88,6191.4,1147.24,52.0,53.5,1.5,1.206,3.58,2,1
DDH021,5056.05,6192.13,1145.74,53.5,55.0,1.5,0.994,8.43,2,2
DDH021,5056.37,6191.99,1144.24,55.0,57.0,2.0,0.488,5.17,2,1
DDH021,5053.28,6193.63,1142.24,57.0,58.0,1.0,1.393,3.99,2,1
DDH021,5054.74,6192.78,1141.24,58.0,59.0,1.0,0.998,3.33,2,2
DDH021,5055.27,6194.86,1140.24,59.0,60.5,1.5,1.928,14.11,2,1
DDH021,5054.65,6193.0,1138.74,60.5,62.0,1.5,1.341,10.77,3,2
DDH021,5055.53,6193.36,1137.24,62.0,63.0,1.0,1.404,10.57,3,1
DDH021,5055.51,6192.51,1136.24,63.0,65.0,2.0,0.134,1.65,3,2
DDH021,5056.57,6193.72,1134.24,65.0,66.5,1.5,0.17,1.76,3,1
DDH021,5054.74,6192.05,1132.74,66.5,68.0,1.5,0.436,2.8,3,2
DDH021,5054.77,6193.65,1131.24,68.0,69.5,1.5,3.932,25.42,3,1
DDH021,5054.53,6192.69,1129.74,69.5,71.0,1.5,0.278,2.67,3,2
DDH021,5055.08,6193.89,1128.24,71.0,73.0,2.0,0.482,4.37,3,1
DDH021,5053.84,6192.55,1126.24,73.0,74.5,1.5,0.739,2.98,3,2
DDH021,5053.22,6193.96,1124.74,74.5,76.0,1.5,0.221,1.9,3,2
DDH021,5056.26,6192.74,1123.24,76.0,77.5,1.5,0.212,2.28,3,1
DDH021,5057.33,6190.43,1121.74,77.5,79.0,1.5,1.179,9.42,3,2
DDH021,5055.7,6193.03,1120.24,79.0,80.0,1.0,0.235,1.85,3,1
DDH021,5053.24,6195.13,1119.24,80.0,81.0,1.0,0.385,2.95,3,1
DDH021,5056.66,6193.72,1118.24,81.0,83.0,2.0,0.397,3.1,3,1
DDH021,5053.16,6193.96,1116.24,83.0,84.5,1.5,0.129,1.45,3,2
DDH021,5055.32,6191.91,1114.74,84.5,86.0,1.5,1.723,5.49,3,1
DDH021,5054.42,6192.82,1113.24,86.0,87.0,1.0,0.287,2.05,3,1
DDH021,5056.5,6192.12,1112.24,87.0,88.0,1.0,0.222,1.72,3,2
DDH021,5056.38,6194.33,1111.24,88.0,89.5,1.5,0.289,2.64,3,1
DDH021,5053.74,6192.7,1109.74,89.5,91.0,1.5,0.53,4.22,3,2
DDH021,5056.01,6192.56,1108.24,91.0,92.5,1.5,0.08,2.6,3,2
DDH021,5054.67,6194.97,1106.74,92.5,93.5,1.0,0.68,3.61,3,2
DDH021,5053.51,6193.74,1105.74,93.5,94.5,1.0,1.027,6.15,3,2
DDH021,5053.88,6191.77,1104.74,94.5,96.5,2.0,2.24,16.09,3,2
DDH021,5055.21,6192.83,1102.74,96.5,98.5,2.0,0.223,2.74,3,1
DDH021,5054.74,6192.34,1100.74,98.5,100.0,1.5,0.443,4.4,3,2
DDH021,5053.68,6194.88,1099.24,100.0,101.5,1.5,0.424,3.97,3,1
DDH021,5056.27,6192.79,1097.74,101.5,102.5,1.0,0.995,7.01,3,1
DDH021,5053.49,6193.66,1096.74,102.5,104.5,2.0,2.423,11.2,3,2
DDH021,5055.97,6192.37,1094.74,104.5,106.0,1.5,0.462,3.63,3,1
DDH021,5054.85,6191.99,1093.24,106.0,107.5,1.5,0.148,2.94,3,2
DDH021,5054.24,6191.69,1091.74,107.5,109.5,2.0,0.323,2.13,3,1
DDH021,5054.16,6193.21,1089.74,109.5,111.0,1.5,0.878,5.04,3,1
DDH021,5056.4,6192.66,1088.24,111.0,112.0,1.0,0.328,2.64,3,2
DDH022,5106.03,6198.99,1201.83,0.0,2.0,2.0,0.148,1.61,1,1
DDH022,5105.5,6199.43,1199.83,2.0,3.5,1.5,0.147,1.43,1,2
DDH022,5105.12,6198.38,1198.33,3.5,5.0,1.5,0.212,1.49,1,1
DDH022,5103.27,6196.83,1196.83,5.0,6.0,1.0,0.579,4.31,1,2
DDH022,5106.17,6198.25,1195.83,6.0,7.0,1.0,0.065,1.44,1,2
DDH022,5106.64,6199.28,1194.83,7.0,8.0,1.0,0.226,1.94,1,1
DDH022,5104.92,6200.02,1193.83,8.0,9.5,1.5,0.11,1.83,1,2
DDH022,5106.48,6201.27,1192.33,9.5,10.5,1.0,0.02,2.05,1,2
DDH022,5104.25,6201.03,1191.33,10.5,11.5,1.0,0.07,1.52,1,1
DDH022,5106.8,6199.46,1190.33,11.5,13.0,1.5,0.343,2.5,1,1
DDH022,5103.81,6200.47,1188.83,13.0,14.0,1.0,0.344,2.17,1,2
DDH022,5104.04,6200.14,1187.83,14.0,15.0,1.0,0.633,4.14,1,1
DDH022,5103.55,6199.15,1186.83,15.0,16.5,1.5,0.144,1.46,1,1
DDH022,5105.13,6198.35,1185.33,16.5,18.5,2.0,0.159,1.57,1,2
DDH022,5103.87,6200.33,1183.33,18.5,20.0,1.5,0.546,4.28,1,1
DDH022,5104.05,6198.35,1181.83,20.0,21.0,1.0,0.104,1.23,1,2
DDH022,5105.72,6198.55,1180.83,21.0,23.0,2.0,0.085,0.92,1,1
DDH022,5107.58,6200.01,1178.83,23.0,24.5,1.5,0.089,1.54,1,2
DDH022,5104.41,6199.15,1177.33,24.5,25.5,1.0,0.413,2.46,1,1
DDH022,5103.83,6199.18,1176.33,25.5,27.5,2.0,0.165,2.82,1,2
DDH022,5105.02,6198.63,1174.33,27.5,29.5,2.0,0.217,1.69,1,1
DDH022,5105.44,6200.83,1172.33,29.5,31.5,2.0,0.063,1.31,1,2
DDH022,5105.16,6198.55,1170.33,31.5,33.5,2.0,0.776,6.22,2,2
DDH022,5106.45,6201.34,1168.33,33.5,35.5,2.0,0.9,5.03,2,1
DDH022,5107.1,6200.34,1166.33,35.5,36.5,1.0,5.177,22.56,2,1
DDH022,5105.87,6198.66,1165.33,36.5,38.5,2.0,1.24,4.3,2,1
DDH022,5105.71,6200.84,1163.33,38.5,40.0,1.5,0.179,2.02,2,1
DDH022,5106.34,6199.59,1161.83,40.0,41.0,1.0,5.473,42.24,2,2
DDH022,5103.39,6199.94,1160.83,41.0,42.5,1.5,0.521,4.85,2,2
DDH022,5104.69,6198.94,1159.33,42.5,44.5,2.0,8.778,64.87,2,2
DDH022,5105.99,6198.72,1157.33,44.5,46.5,2.0,0.56,3.61,2,2
DDH022,5105.29,6200.08,1155.33,46.5,48.0,1.5,0.928,5.7,2,2
DDH022,5105.72,6197.92,1153.83,48.0,49.0,1.0,1.129,5.72,2,2
DDH022,5105.96,6197.78,1152.83,49.0,51.0,2.0,0.781,3.46,2,2
DDH022,5104.65,6198.98,1150.83,51.0,52.0,1.0,1.105,4.42,2,1
DDH022,5105.74,6198.58,1149.83,52.0,53.5,1.5,1.71,11.2,2,2
DDH022,5106.02,6199.43,1148.33,53.5,55.0,1.5,1.668,11.13,2,1
DDH022,5105.76,6199.2,1146.83,55.0,56.5,1.5,4.767,21.92,2,2
DDH022,5104.04,6199.94,1145.33,56.5,58.0,1.5,1.601,11.56,2,2
DDH022,5106.4,6197.23,1143.83,58.0,60.0,2.0,4.008,26.29,2,1
DDH022,5105.98,6199.66,1141.83,60.0,61.5,1.5,0.306,2.19,3,1
DDH022,5107.22,6200.29,1140.33,61.5,62.5,1.0,0.717,6.99,3,1
DDH022,5105.28,6200.45,1139.33,62.5,64.0,1.5,4.711,33.64,3,1
DDH022,5105.69,6200.32,1137.83,64.0,65.5,1.5,0.789,5.15,3,2
DDH022,5106.21,6199.02,1136.33,65.5,67.5,2.0,0.416,2.44,3,2
DDH022,5104.92,6198.47,1134.33,67.5,69.0,1.5,1.301,8.71,3,2
DDH022,5106.13,6200.25,1132.83,69.0,70.5,1.5,1.356,4.06,3,2
DDH022,5105.21,6198.34,1131.33,70.5,71.5,1.0,0.241,2.08,3,1
DDH022,5106.49,6198.08,1130.33,71.5,73.5,2.0,0.95,8.31,3,1
DDH022,5103.92,6199.95,1128.33,73.5,74.5,1.0,0.385,4.15,3,2
DDH022,5105.6,6199.97,1127.33,74.5,75.5,1.0,0.38,2.3,3,1
DDH022,5105.44,6197.89,1126.33,75.5,77.5,2.0,0.186,2.37,3,1
DDH022,5103.84,6199.99,1124.33,77.5,79.5,2.0,0.535,5.06,3,1
DDH022,5105.77,6198.99,1122.33,79.5,81.0,1.5,0.102,1.58,3,2
DDH022,5105.4,6199.19,1120.83,81.0,83.0,2.0,0.225,2.52,3,1
DDH022,5104.69,6202.68,1118.83,83.0,84.5,1.5,0.328,2.55,3,1
DDH022,5106.16,6199.17,1117.33,84.5,85.5,1.0,0.13,1.15,3,2
DDH022,5105.69,6198.94,1116.33,85.5,87.5,2.0,1.912,9.46,3,2
DDH023,5151.81,6205.96,1200.4,0.0,1.5,1.5,0.27,3.07,1,1
DDH023,5153.83,6206.71,1198.9,1.5,3.0,1.5,0.153,1.58,1,2
DDH023,5152.98,6205.7,1197.4,3.0,5.0,2.0,0.065,1.25,1,2
DDH023,5152.95,6206.67,1195.4,5.0,6.5,1.5,0.896,6.13,1,2
DDH023,5153.31,6206.25,1193.9,6.5,7.5,1.0,0.188,1.92,1,1
DDH023,5152.48,6205.52,1192.9,7.5,8.5,1.0,0.128,0.96,1,1
DDH023,5154.31,6205.48,1191.9,8.5,10.5,2.0,0.557,4.63,1,2
DDH023,5153.8,6206.58,1189.9,10.5,12.5,2.0,0.09,2.22,1,2
DDH023,5153.82,6205.35,1187.9,12.5,13.5,1.0,0.139,2.24,1,2
DDH023,5152.64,6205.09,1186.9,13.5,15.0,1.5,0.17,1.66,1,2
DDH023,5152.18,6206.7,1185.4,15.0,16.0,1.0,0.055,1.36,1,1
DDH023,5153.17,6204.78,1184.4,16.0,18.0,2.0,0.375,2.58,1,1
DDH023,5154.12,6204.92,1182.4,18.0,19.0,1.0,0.096,1.16,1,2
DDH023,5153.1,6207.88,1181.4,19.0,20.5,1.5,0.314,4.5,1,1
DDH023,5150.72,6204.92,1179.9,20.5,22.0,1.5,0.6,3.15,1,1
DDH023,5152.56,6205.08,1178.4,22.0,23.0,1.0,0.068,1.78,1,1
DDH023,5152.75,6207.72,1177.4,23.0,24.0,1.0,0.094,1.32,1,2
DDH023,5154.24,6207.18,1176.4,24.0,25.5,1.5,0.781,6.89,1,1
DDH023,5153.67,6207.91,1174.9,25.5,27.0,1.5,0.368,2.94,1,2
DDH023,5153.52,6205.03,1173.4,27.0,28.0,1.0,0.371,2.57,1,2
DDH023,5154.21,6205.1,1172.4,28.0,29.0,1.0,1.562,9.94,1,2
DDH023,5153.6,6205.65,1171.4,29.0,31.0,2.0,0.687,1.85,1,2
DDH023,5152.21,6205.85,1169.4,31.0,33.0,2.0,0.865,8.38,2,1
DDH023,5152.81,6206.1,1167.4,33.0,34.5,1.5,0.69,3.41,2,1
DDH023,5152.5,6205.93,1165.9,34.5,36.0,1.5,0.857,6.41,2,1
DDH023,5152.33,6205.77,1164.4,36.0,38.0,2.0,1.005,2.54,2,2
DDH023,5152.57,6206.03,1162.4,38.0,39.0,1.0,6.464,33.5,2,2
DDH023,5150.5,6204.92,1161.4,39.0,41.0,2.0,1.28,6.84,2,2
DDH023,5153.73,6205.59,1159.4,41.0,43.0,2.0,3.15,19.33,2,2
DDH023,5152.69,6208.02,1157.4,43.0,45.0,2.0,4.187,24.73,2,2
DDH023,5152.57,6205.01,1155.4,45.0,47.0,2.0,4.965,21.01,2,2
DDH023,5153.61,6204.19,1153.4,47.0,48.0,1.0,2.719,19.05,2,1
DDH023,5154.43,6205.94,1152.4,48.0,49.0,1.0,1.09,3.84,2,2
DDH023,5153.2,6205.69,1151.4,49.0,50.0,1.0,1.571,6.27,2,1
DDH023,5152.59,6207.28,1150.4,50.0,52.0,2.0,2.73,11.28,2,1
DDH023,5154.41,6206.69,1148.4,52.0,54.0,2.0,1.602,10.92,2,2
DDH023,5152.85,6205.32,1146.4,54.0,55.0,1.0,2.574,10.76,2,2
DDH023,5152.99,6205.25,1145.4,55.0,57.0,2.0,0.277,2.16,2,1
DDH023,5153.75,6206.25,1143.4,57.0,58.0,1.0,1.01,8.86,2,2
DDH023,5152.31,6206.43,1142.4,58.0,59.5,1.5,1.375,11.79,2,1
DDH023,5152.29,6206.06,1140.9,59.5,61.0,1.5,1.512,6.05,2,2
DDH023,5155.86,6205.77,1139.4,61.0,62.5,1.5,1.808,10.95,3,1
DDH023,5153.87,6205.13,1137.9,62.5,63.5,1.0,0.266,2.64,3,2
DDH023,5152.83,6205.29,1136.9,63.5,65.5,2.0,1.032,8.76,3,2
DDH023,5153.61,6206.25,1134.9,65.5,67.0,1.5,0.144,1.89,3,1
DDH023,5152.89,6207.09,1133.4,67.0,69.0,2.0,0.122,1.58,3,1
DDH023,5152.08,6203.86,1131.4,69.0,71.0,2.0,1.516,11.09,3,1
DDH023,5152.2,6205.62,1129.4,71.0,72.0,1.0,0.497,4.04,3,1
DDH023,5153.27,6207.29,1128.4,72.0,73.0,1.0,0.165,2.56,3,2
DDH023,5153.82,6204.5,1127.4,73.0,74.0,1.0,0.452,2.83,3,1
DDH024,5198.21,6202.74,1204.41,0.0,1.5,1.5,0.125,1.63,1,2
DDH024,5199.21,6201.84,1202.91,1.5,3.5,2.0,0.249,2.11,1,2
DDH024,5197.74,6202.92,1200.91,3.5,4.5,1.0,0.266,1.49,1,2
DDH024,5197.79,6202.65,1199.91,4.5,6.5,2.0,0.089,0.56,1,2
DDH024,5198.7,6202.16,1197.91,6.5,8.0,1.5,0.248,2.79,1,2
DDH024,5198.16,6200.43,1196.41,8.0,9.5,1.5,0.185,1.18,1,1
DDH024,5198.59,6201.18,1194.91,9.5,11.0,1.5,0.084,1.27,1,2
DDH024,5198.31,6201.92,1193.41,11.0,13.0,2.0,0.518,2.96,1,1
DDH024,5197.59,6202.66,1191.41,13.0,15.0,2.0,0.043,0.92,1,1
DDH024,5198.23,6202.48,1189.41,15.0,16.0,1.0,0.293,3.13,1,2
DDH024,5198.74,6202.12,1188.41,16.0,18.0,2.0,0.33,1.84,1,2
DDH024,5198.79,6202.29,1186.41,18.0,19.5,1.5,0.139,1.27,1,2
DDH024,5199.92,6202.11,1184.91,19.5,20.5,1.0,0.168,1.25,1,2
DDH024,5198.17,6200.72,1183.91,20.5,22.0,1.5,3.688,16.6,1,1
DDH024,5199.96,6201.99,1182.41,22.0,23.5,1.5,0.155,1.22,1,1
DDH024,5199.05,6201.83,1180.91,23.5,25.0,1.5,0.441,3.19,1,1
DDH024,5199.9,6201.21,1179.41,25.0,27.0,2.0,0.439,4.17,1,1
DDH024,5198.01,6201.2,1177.41,27.0,29.0,2.0,0.324,2.89,1,2
DDH024,5198.92,6199.09,1175.41,29.0,30.5,1.5,0.124,2.81,1,2
DDH024,5198.17,6201.59,1173.91,30.5,32.0,1.5,0.903,7.9,2,2
DDH024,5199.31,6202.36,1172.41,32.0,33.0,1.0,5.003,23.06,2,1
DDH024,5197.39,6200.51,1171.41,33.0,34.0,1.0,4.075,32.87,2,1
DDH024,5197.95,6201.65,1170.41,34.0,35.5,1.5,0.63,4.99,2,2
DDH024,5199.29,6201.95,1168.91,35.5,37.5,2.0,1.473,12.3,2,1
DDH024,5199.11,6201.53,1166.91,37.5,39.5,2.0,3.21,16.82,2,1
DDH024,5197.96,6202.87,1164.91,39.5,40.5,1.0,7.87,58.06,2,2
DDH024,5199.2,6201.44,1163.91,40.5,42.0,1.5,0.371,3.76,2,2
DDH024,5198.7,6200.86,1162.41,42.0,44.0,2.0,2.925,7.31,2,1
DDH024,5198.06,6202.72,1160.41,44.0,45.5,1.5,1.969,8.61,2,1
DDH024,5198.32,6203.49,1158.91,45.5,47.5,2.0,1.058,7.4,2,1
DDH024,5199.23,6200.36,1156.91,47.5,49.0,1.5,1.031,3.81,2,1
DDH025,4994.35,6252.26,1203.68,0.0,1.5,1.5,0.197,1.47,1,1
DDH025,4995.47,6252.31,1202.18,1.5,3.0,1.5,0.395,2.79,1,1
DDH025,4995.01,6251.74,1200.68,3.0,4.0,1.0,0.11,1.42,1,2
DDH025,4998.02,6252.49,1199.68,4.0,5.0,1.0,0.198,2.93,1,2
DDH025,4994.6,6252.07,1198.68,5.0,6.5,1.5,0.567,2.28,1,1
DDH025,4996.41,6252.16,1197.18,6.5,8.5,2.0,0.155,1.82,1,2
DDH025,4996.38,6252.53,1195.18,8.5,9.5,1.0,0.114,1.44,1,2
DDH025,4996.62,6253.1,1194.18,9.5,10.5,1.0,0.279,1.17,1,2
DDH025,4996.54,6251.77,1193.18,10.5,12.5,2.0,0.129,1.21,1,2
DDH025,4995.47,6254.03,1191.18,12.5,14.0,1.5,0.025,1.12,1,1
DDH025,4996.91,6253.76,1189.68,14.0,16.0,2.0,0.134,1.27,1,1
DDH025,4997.0,6252.17,1187.68,16.0,17.0,1.0,0.116,2.28,1,1
DDH025,4993.82,6251.96,1186.68,17.0,18.5,1.5,0.069,1.51,1,1
DDH025,4994.8,6251.99,1185.18,18.5,20.0,1.5,0.183,1.81,1,2
DDH025,4994.9,6253.36,1183.68,20.0,22.0,2.0,0.095,2.64,1,2
DDH025,4996.45,6250.23,1181.68,22.0,23.5,1.5,0.218,2.08,1,2
DDH025,4996.5,6250.98,1180.18,23.5,25.0,1.5,0.024,1.62,1,2
DDH025,4996.07,6250.25,1178.68,25.0,26.0,1.0,0.12,2.42,1,1
DDH025,4996.11,6251.74,1177.68,26.0,27.5,1.5,0.295,2.62,1,1
DDH025,4996.36,6253.7,1176.18,27.5,28.5,1.0,0.252,1.34,1,2
DDH025,4995.82,6253.51,1175.18,28.5,30.0,1.5,0.367,3.94,1,1
DDH025,4994.77,6254.83,1173.68,30.0,31.0,1.0,1.2,9.22,2,2
DDH025,4995.69,6252.09,1172.68,31.0,33.0,2.0,1.407,5.22,2,1
DDH025,4996.48,6251.94,1170.68,33.0,34.0,1.0,0.546,5.13,2,2
DDH025,4995.47,6253.45,1169.68,34.0,36.0,2.0,0.99,8.68,2,1
DDH025,4994.98,6253.72,1167.68,36.0,38.0,2.0,0.887,7.7,2,2
DDH025,4994.5,6250.91,1165.68,38.0,40.0,2.0,2.475,10.92,2,1
DDH025,4996.26,6252.75,1163.68,40.0,42.0,2.0,0.48,4.6,2,2
DDH025,4993.13,6252.93,1161.68,42.0,44.0,2.0,0.62,5.0,2,1
DDH025,4996.88,6252.43,1159.68,44.0,46.0,2.0,2.271,10.48,2,2
DDH025,4995.69,6253.43,1157.68,46.0,48.0,2.0,0.574,4.7,2,1
DDH025,4996.43,6253.47,1155.68,48.0,50.0,2.0,9.606,48.44,2,1
DDH025,4995.66,6252.29,1153.68,50.0,51.5,1.5,0.458,3.07,2,2
DDH025,4996.88,6252.86,1152.18,51.5,53.0,1.5,1.257,7.81,2,2
DDH025,4997.13,6254.4,1150.68,53.0,55.0,2.0,0.388,3.21,2,1
DDH025,4995.89,6252.04,1148.68,55.0,56.5,1.5,1.052,7.56,2,1
DDH025,4995.52,6251.05,1147.18,56.5,58.5,2.0,0.554,3.66,2,2
DDH025,4995.82,6253.34,1145.18,58.5,60.5,2.0,1.285,5.91,2,2
DDH025,4996.59,6251.87,1143.18,60.5,62.5,2.0,0.44,2.97,3,1
DDH025,4996.73,6252.34,1141.18,62.5,63.5,1.0,0.216,1.76,3,1
DDH025,4994.5,6250.9,1140.18,63.5,65.0,1.5,0.159,2.0,3,2
DDH025,4995.28,6253.93,1138.68,65.0,66.0,1.0,0.448,3.92,3,2
